Parameter,Structure,ZPrior,MuPrior,SigmaPrior,True,PosteriorMean,Bias,MSE,RMSE,Lower95CrI,Upper95CrI,Coverage,ESS_Bulk,Rhat,Divergences,ElapsedSeconds
mu_omega,Independent,Beta_2_2_constrained,"N(0,10²)",HalfCauchy_beta2p5,0.5,0.3213830141414494,-0.17861698585855063,0.031904027637193674,0.17861698585855063,0.1293206326707508,0.5091804617678831,True,2704.0,1.0,0,42.469682931900024
sigma_collateral,Independent,Beta_1_1_constrained,"N(0,2²)",HalfCauchy_beta5,0.8,0.8079748549223711,0.007974854922371044,6.359831103286567e-05,0.007974854922371044,0.3104898635494279,1.2671054040744532,True,1113.0,1.0,0,38.76714754104614
sigma_direct,Independent,Beta_1_1_constrained,"N(0,10²)",HalfCauchy_beta5,1.2,1.2002170427265964,0.00021704272659639479,4.7107545168397374e-08,0.00021704272659639479,0.7531684527152017,1.6100891747474082,True,1387.0,1.0,0,39.88307023048401
sigma_omega,Independent,Beta_1_1_constrained,"N(0,10²)",HalfCauchy_beta1,1.0,1.1974981987588063,0.19749819875880625,0.03900553851297294,0.19749819875880625,0.38303665105354356,1.604966816212193,True,616.0,1.01,0,45.20394587516785
