Structure,Z,MuPrior,SigmaPrior,Parameter,True,PosteriorMean,Bias,MSE,RMSE,Lower95CrI,Upper95CrI,Coverage,ESS_Bulk,Rhat,Divergences,ElapsedSeconds
Independent,0.9,"N(0,10²)",HalfCauchy_beta1,mu_omega,0.5,0.327871064217959,-0.17212893578204103,0.029628370533458005,0.17212893578204103,0.1444681201320931,0.5117696143004749,True,2394.0,1.0,0,30.285974502563477
Independent,0.9,"N(0,10²)",HalfCauchy_beta1,sigma_omega,1.0,1.2336843835366584,0.23368438353665844,0.05460839110890808,0.23368438353665844,0.7010828592144358,1.5811907968734107,True,902.0,1.0,0,30.285974502563477
Independent,0.9,"N(0,10²)",HalfCauchy_beta1,sigma_direct,1.2,1.2160640831584917,0.016064083158491727,0.00025805476772293754,0.016064083158491727,0.7736134709704714,1.6292840210165969,True,981.0,1.0,0,30.285974502563477
Independent,0.9,"N(0,10²)",HalfCauchy_beta1,sigma_collateral,0.8,0.8247098147110651,0.024709814711065037,0.0006105749430551661,0.024709814711065037,0.35749125426967104,1.2914256533107553,True,1069.0,1.0,0,30.285974502563477
Independent,0.9,"N(0,10²)",HalfCauchy_beta1,Z_fixed,,0.9,,,,,,,,,0,30.285974502563477
