Structure,Z,MuPrior,SigmaPrior,Parameter,True,PosteriorMean,Bias,MSE,RMSE,Lower95CrI,Upper95CrI,Coverage,ESS_Bulk,Rhat,Divergences,ElapsedSeconds
Independent,0.5,"N(0,5²)",HalfCauchy_beta5,mu_omega,0.5,0.39477811810084107,-0.10522188189915893,0.01107164443040055,0.10522188189915893,0.238412003348258,0.5489227004045906,True,2028.0,1.0,0,35.51396322250366
Independent,0.5,"N(0,5²)",HalfCauchy_beta5,sigma_omega,1.0,1.2363761303678003,0.23637613036780025,0.0558736750076553,0.23637613036780025,0.7610471337730869,1.5060449606300776,True,898.0,1.0,0,35.51396322250366
Independent,0.5,"N(0,5²)",HalfCauchy_beta5,sigma_direct,1.2,1.2309148657243645,0.030914865724364526,0.0009557289227554886,0.030914865724364526,0.8516956695364039,1.6121107653342477,True,1105.0,1.0,0,35.51396322250366
Independent,0.5,"N(0,5²)",HalfCauchy_beta5,sigma_collateral,0.8,0.8094800805727708,0.009480080572770722,8.987192766622485e-05,0.009480080572770722,0.3486082846587054,1.2797164939584187,True,904.0,1.0,0,35.51396322250366
Independent,0.5,"N(0,5²)",HalfCauchy_beta5,Z_fixed,,0.5,,,,,,,,,0,35.51396322250366
