Structure,Z,MuPrior,SigmaPrior,Parameter,True,PosteriorMean,Bias,MSE,RMSE,Lower95CrI,Upper95CrI,Coverage,ESS_Bulk,Rhat,Divergences,ElapsedSeconds
Independent,0.9,"N(0,5²)",HalfCauchy_beta5,mu_omega,0.5,0.32868963234101006,-0.17131036765898994,0.029347242067458305,0.17131036765898994,0.13152229506146212,0.5281668976709233,True,1989.0,1.0,0,26.92010521888733
Independent,0.9,"N(0,5²)",HalfCauchy_beta5,sigma_omega,1.0,1.2609875014124141,0.2609875014124141,0.06811447589349486,0.2609875014124141,0.7895901695989097,1.6071567352793372,True,1114.0,1.0,0,26.92010521888733
Independent,0.9,"N(0,5²)",HalfCauchy_beta5,sigma_direct,1.2,1.196058948157606,-0.003941051842393906,1.5531889624436398e-05,0.003941051842393906,0.7345211907901746,1.5914206496115746,True,1225.0,1.0,0,26.92010521888733
Independent,0.9,"N(0,5²)",HalfCauchy_beta5,sigma_collateral,0.8,0.8142184277576839,0.014218427757683894,0.00020216368790047584,0.014218427757683894,0.3655113420899409,1.2572902002061752,True,1393.0,1.0,0,26.92010521888733
Independent,0.9,"N(0,5²)",HalfCauchy_beta5,Z_fixed,,0.9,,,,,,,,,0,26.92010521888733
