Structure,Z,MuPrior,SigmaPrior,Parameter,True,PosteriorMean,Bias,MSE,RMSE,Lower95CrI,Upper95CrI,Coverage,ESS_Bulk,Rhat,Divergences,ElapsedSeconds
Independent,0.9,"N(0,2²)",HalfCauchy_beta2p5,mu_omega,0.5,0.3310801133067889,-0.16891988669321112,0.028533928120447284,0.16891988669321112,0.1328880933640379,0.5177951313276831,True,2177.0,1.0,0,30.10316514968872
Independent,0.9,"N(0,2²)",HalfCauchy_beta2p5,sigma_omega,1.0,1.253839557728581,0.253839557728581,0.06443452106784162,0.253839557728581,0.762268165119769,1.5932220498370966,True,1205.0,1.0,0,30.10316514968872
Independent,0.9,"N(0,2²)",HalfCauchy_beta2p5,sigma_direct,1.2,1.2040946779129658,0.004094677912965805,1.676638721093e-05,0.004094677912965805,0.7619494136830895,1.607458800795234,True,1248.0,1.01,0,30.10316514968872
Independent,0.9,"N(0,2²)",HalfCauchy_beta2p5,sigma_collateral,0.8,0.8193473175522338,0.019347317552233734,0.0003743186964669715,0.019347317552233734,0.35213454702968805,1.2633603687140773,True,1465.0,1.0,0,30.10316514968872
Independent,0.9,"N(0,2²)",HalfCauchy_beta2p5,Z_fixed,,0.9,,,,,,,,,0,30.10316514968872
