Structure,Z,MuPrior,SigmaPrior,Parameter,True,PosteriorMean,Bias,MSE,RMSE,Lower95CrI,Upper95CrI,Coverage,ESS_Bulk,Rhat,Divergences,ElapsedSeconds
Independent,0.9,"N(0,2²)",HalfCauchy_beta1,mu_omega,0.5,0.3309818901484986,-0.1690181098515014,0.028567121457774194,0.1690181098515014,0.14563936746013098,0.5270374423265491,True,1997.0,1.0,0,30.1259446144104
Independent,0.9,"N(0,2²)",HalfCauchy_beta1,sigma_omega,1.0,1.2256818782790015,0.22568187827900155,0.05093231018353807,0.22568187827900155,0.717902302729428,1.5874452036204656,True,1399.0,1.0,0,30.1259446144104
Independent,0.9,"N(0,2²)",HalfCauchy_beta1,sigma_direct,1.2,1.2212339521851672,0.021233952185167215,0.00045088072540196757,0.021233952185167215,0.7298735951342716,1.62011976186633,True,1408.0,1.0,0,30.1259446144104
Independent,0.9,"N(0,2²)",HalfCauchy_beta1,sigma_collateral,0.8,0.8414558889626613,0.04145588896266128,0.0017185907296845013,0.04145588896266128,0.381834894615272,1.297665527668678,True,1542.0,1.0,0,30.1259446144104
Independent,0.9,"N(0,2²)",HalfCauchy_beta1,Z_fixed,,0.9,,,,,,,,,0,30.1259446144104
