Structure,Z,MuPrior,SigmaPrior,Parameter,True,PosteriorMean,Bias,MSE,RMSE,Lower95CrI,Upper95CrI,Coverage,ESS_Bulk,Rhat,Divergences,ElapsedSeconds
Independent,0.7,"N(0,2²)",HalfCauchy_beta5,mu_omega,0.5,0.36821057395389933,-0.13178942604610067,0.017368452817560637,0.13178942604610067,0.19056706781314262,0.5396881484319465,True,2045.0,1.0,0,30.40326976776123
Independent,0.7,"N(0,2²)",HalfCauchy_beta5,sigma_omega,1.0,1.249231311104304,0.24923131110430408,0.06211624643477041,0.24923131110430408,0.7921781715629715,1.53364993062958,True,903.0,1.0,0,30.40326976776123
Independent,0.7,"N(0,2²)",HalfCauchy_beta5,sigma_direct,1.2,1.2112771278458423,0.011277127845842339,0.00012717361245147266,0.011277127845842339,0.8221070807232883,1.592769762849177,True,1228.0,1.0,0,30.40326976776123
Independent,0.7,"N(0,2²)",HalfCauchy_beta5,sigma_collateral,0.8,0.8028934412655611,0.0028934412655610142,8.372002357251324e-06,0.0028934412655610142,0.34902112972734073,1.268931326972834,True,1006.0,1.0,0,30.40326976776123
Independent,0.7,"N(0,2²)",HalfCauchy_beta5,Z_fixed,,0.7,,,,,,,,,0,30.40326976776123
