Structure,Z,MuPrior,SigmaPrior,Parameter,True,PosteriorMean,Bias,MSE,RMSE,Lower95CrI,Upper95CrI,Coverage,ESS_Bulk,Rhat,Divergences,ElapsedSeconds
Independent,0.5,"N(0,10²)",HalfCauchy_beta5,mu_omega,0.5,0.39519263166038354,-0.10480736833961646,0.010984584458276039,0.10480736833961646,0.23551941969080342,0.5435443646474767,True,655.0,1.01,91,34.028534173965454
Independent,0.5,"N(0,10²)",HalfCauchy_beta5,sigma_omega,1.0,1.1874030789473933,0.18740307894739328,0.035119913998962915,0.18740307894739328,0.5691907975788536,1.5040335560321711,True,15.0,1.17,91,34.028534173965454
Independent,0.5,"N(0,10²)",HalfCauchy_beta5,sigma_direct,1.2,1.259783220235293,0.05978322023529303,0.0035740334217015503,0.05978322023529303,0.846163835761052,1.6703489510005456,True,17.0,1.15,91,34.028534173965454
Independent,0.5,"N(0,10²)",HalfCauchy_beta5,sigma_collateral,0.8,0.8493876690471455,0.04938766904714542,0.002439141853910366,0.04938766904714542,0.3623971388856095,1.3999067456847067,True,15.0,1.18,91,34.028534173965454
Independent,0.5,"N(0,10²)",HalfCauchy_beta5,Z_fixed,,0.5,,,,,,,,,91,34.028534173965454
