Structure,Z,MuPrior,SigmaPrior,Parameter,True,PosteriorMean,Bias,MSE,RMSE,Lower95CrI,Upper95CrI,Coverage,ESS_Bulk,Rhat,Divergences,ElapsedSeconds
Independent,0.9,"N(0,5²)",HalfCauchy_beta1,mu_omega,0.5,0.329423660683217,-0.170576339316783,0.029096287534714292,0.170576339316783,0.1437140273465046,0.5174149155889721,True,2433.0,1.0,0,27.897541522979736
Independent,0.9,"N(0,5²)",HalfCauchy_beta1,sigma_omega,1.0,1.2300394029510757,0.23003940295107572,0.05291812691008738,0.23003940295107572,0.6789270028653815,1.5817276052912244,True,863.0,1.01,0,27.897541522979736
Independent,0.9,"N(0,5²)",HalfCauchy_beta1,sigma_direct,1.2,1.218693624228459,0.018693624228458994,0.0003494515867948291,0.018693624228458994,0.7720417685640831,1.6310923651109641,True,956.0,1.01,0,27.897541522979736
Independent,0.9,"N(0,5²)",HalfCauchy_beta1,sigma_collateral,0.8,0.829406991412609,0.02940699141260894,0.000864771143941256,0.02940699141260894,0.3439691308096745,1.3016196436026732,True,1079.0,1.01,0,27.897541522979736
Independent,0.9,"N(0,5²)",HalfCauchy_beta1,Z_fixed,,0.9,,,,,,,,,0,27.897541522979736
