Structure,Z,MuPrior,SigmaPrior,Parameter,True,PosteriorMean,Bias,MSE,RMSE,Lower95CrI,Upper95CrI,Coverage,ESS_Bulk,Rhat,Divergences,ElapsedSeconds
Independent,0.7,"N(0,2²)",HalfCauchy_beta1,mu_omega,0.5,0.36879102739547864,-0.13120897260452136,0.017215794491934035,0.13120897260452136,0.19295367622026982,0.5399311218144246,True,1882.0,1.0,0,29.563382387161255
Independent,0.7,"N(0,2²)",HalfCauchy_beta1,sigma_omega,1.0,1.2119735959800582,0.21197359598005816,0.04493280539271693,0.21197359598005816,0.7088327582413653,1.5293704173180263,True,1007.0,1.01,0,29.563382387161255
Independent,0.7,"N(0,2²)",HalfCauchy_beta1,sigma_direct,1.2,1.2455352773985036,0.045535277398503604,0.0020734614877586733,0.045535277398503604,0.8313427733278945,1.6448557561571202,True,1084.0,1.01,0,29.563382387161255
Independent,0.7,"N(0,2²)",HalfCauchy_beta1,sigma_collateral,0.8,0.8358305106979987,0.035830510697998696,0.0012838254968793991,0.035830510697998696,0.3542375564013308,1.3058392847070839,True,1073.0,1.01,0,29.563382387161255
Independent,0.7,"N(0,2²)",HalfCauchy_beta1,Z_fixed,,0.7,,,,,,,,,0,29.563382387161255
