Structure,Z,MuPrior,SigmaPrior,Parameter,True,PosteriorMean,Bias,MSE,RMSE,Lower95CrI,Upper95CrI,Coverage,ESS_Bulk,Rhat,Divergences,ElapsedSeconds
Independent,0.9,"N(0,5²)",HalfCauchy_beta2p5,mu_omega,0.5,0.3254695836596186,-0.1745304163403814,0.030460866227946876,0.1745304163403814,0.13474301434454133,0.5133218973795779,True,2428.0,1.0,0,27.824026584625244
Independent,0.9,"N(0,5²)",HalfCauchy_beta2p5,sigma_omega,1.0,1.2532030938566212,0.2532030938566212,0.06411180673856492,0.2532030938566212,0.6952148709769085,1.6068885627991227,True,889.0,1.0,0,27.824026584625244
Independent,0.9,"N(0,5²)",HalfCauchy_beta2p5,sigma_direct,1.2,1.203750771617996,0.003750771617996085,1.4068287730364969e-05,0.003750771617996085,0.7639732574851751,1.6229306288775787,True,948.0,1.0,0,27.824026584625244
Independent,0.9,"N(0,5²)",HalfCauchy_beta2p5,sigma_collateral,0.8,0.8171971059252051,0.01719710592520507,0.0002957404522027233,0.01719710592520507,0.33985912046612915,1.2856869360291192,True,1033.0,1.01,0,27.824026584625244
Independent,0.9,"N(0,5²)",HalfCauchy_beta2p5,Z_fixed,,0.9,,,,,,,,,0,27.824026584625244
