Structure,Z,MuPrior,SigmaPrior,Parameter,True,PosteriorMean,Bias,MSE,RMSE,Lower95CrI,Upper95CrI,Coverage,ESS_Bulk,Rhat,Divergences,ElapsedSeconds
Independent,0.7,"N(0,10²)",HalfCauchy_beta1,mu_omega,0.5,0.368633347943894,-0.13136665205610598,0.017257197272430014,0.13136665205610598,0.19330959198197686,0.5374598074954012,True,2021.0,1.0,0,34.29704141616821
Independent,0.7,"N(0,10²)",HalfCauchy_beta1,sigma_omega,1.0,1.2129956103964865,0.2129956103964865,0.045367130048171875,0.2129956103964865,0.744808646888977,1.5138839788247822,True,918.0,1.0,0,34.29704141616821
Independent,0.7,"N(0,10²)",HalfCauchy_beta1,sigma_direct,1.2,1.2475550791392016,0.04755507913920165,0.002261485551935732,0.04755507913920165,0.8569919342373921,1.6213640825880755,True,914.0,1.0,0,34.29704141616821
Independent,0.7,"N(0,10²)",HalfCauchy_beta1,sigma_collateral,0.8,0.8428656192302895,0.04286561923028942,0.0018374613119961582,0.04286561923028942,0.37134758007386254,1.3046591248775148,True,1047.0,1.0,0,34.29704141616821
Independent,0.7,"N(0,10²)",HalfCauchy_beta1,Z_fixed,,0.7,,,,,,,,,0,34.29704141616821
