Structure,Z,MuPrior,SigmaPrior,Parameter,True,PosteriorMean,Bias,MSE,RMSE,Lower95CrI,Upper95CrI,Coverage,ESS_Bulk,Rhat,Divergences,ElapsedSeconds
Independent,0.5,"N(0,10²)",HalfCauchy_beta2p5,mu_omega,0.5,0.3935089554361557,-0.10649104456384428,0.01134034257229867,0.10649104456384428,0.24019725179672619,0.5482391727890167,True,1822.0,1.0,0,35.91237831115723
Independent,0.5,"N(0,10²)",HalfCauchy_beta2p5,sigma_omega,1.0,1.2504305701958138,0.25043057019581383,0.06271547048860043,0.25043057019581383,0.826472240001299,1.517021231238789,True,1076.0,1.0,0,35.91237831115723
Independent,0.5,"N(0,10²)",HalfCauchy_beta2p5,sigma_direct,1.2,1.220594979888191,0.020594979888191034,0.0004241531965949932,0.020594979888191034,0.8236617022382595,1.5978899049954176,True,1203.0,1.0,0,35.91237831115723
Independent,0.5,"N(0,10²)",HalfCauchy_beta2p5,sigma_collateral,0.8,0.7952832208724858,-0.004716779127514226,2.224800533775386e-05,0.004716779127514226,0.3323401325524023,1.2405992759562168,True,1019.0,1.0,0,35.91237831115723
Independent,0.5,"N(0,10²)",HalfCauchy_beta2p5,Z_fixed,,0.5,,,,,,,,,0,35.91237831115723
