Structure,Z,MuPrior,SigmaPrior,Parameter,True,PosteriorMean,Bias,MSE,RMSE,Lower95CrI,Upper95CrI,Coverage,ESS_Bulk,Rhat,Divergences,ElapsedSeconds
Independent,0.9,"N(0,10²)",HalfCauchy_beta5,mu_omega,0.5,0.32842493015649504,-0.17157506984350496,0.029438004591803603,0.17157506984350496,0.12482384873254602,0.5278448105288719,True,2300.0,1.0,0,28.98588275909424
Independent,0.9,"N(0,10²)",HalfCauchy_beta5,sigma_omega,1.0,1.2655137695359484,0.2655137695359484,0.07049756181318872,0.2655137695359484,0.768628622651835,1.6129797206497916,True,1110.0,1.0,0,28.98588275909424
Independent,0.9,"N(0,10²)",HalfCauchy_beta5,sigma_direct,1.2,1.1907660452403357,-0.009233954759664265,8.526592050352633e-05,0.009233954759664265,0.7418127793685445,1.5907642552235768,True,1163.0,1.0,0,28.98588275909424
Independent,0.9,"N(0,10²)",HalfCauchy_beta5,sigma_collateral,0.8,0.8108639874774851,0.010863987477485071,0.00011802622391095244,0.010863987477485071,0.34634186593871197,1.259956351972208,True,1225.0,1.0,0,28.98588275909424
Independent,0.9,"N(0,10²)",HalfCauchy_beta5,Z_fixed,,0.9,,,,,,,,,0,28.98588275909424
