Structure,Z,MuPrior,SigmaPrior,Parameter,True,PosteriorMean,Bias,MSE,RMSE,Lower95CrI,Upper95CrI,Coverage,ESS_Bulk,Rhat,Divergences,ElapsedSeconds
Independent,0.5,"N(0,10²)",HalfCauchy_beta1,mu_omega,0.5,0.39343504002403595,-0.10656495997596405,0.011356090694678819,0.10656495997596405,0.237000628905059,0.5491021868124691,True,2132.0,1.0,0,37.37755107879639
Independent,0.5,"N(0,10²)",HalfCauchy_beta1,sigma_omega,1.0,1.2149514014315859,0.21495140143158586,0.04620410497740277,0.21495140143158586,0.7394641330161394,1.4984573559328611,True,1129.0,1.0,0,37.37755107879639
Independent,0.5,"N(0,10²)",HalfCauchy_beta1,sigma_direct,1.2,1.242012396583449,0.04201239658344913,0.001765041466685008,0.04201239658344913,0.8555492938706148,1.6163540166556736,True,1369.0,1.0,0,37.37755107879639
Independent,0.5,"N(0,10²)",HalfCauchy_beta1,sigma_collateral,0.8,0.8315807756730091,0.0315807756730091,0.0009973453921089232,0.0315807756730091,0.3625208412664899,1.2875218707583433,True,1115.0,1.0,0,37.37755107879639
Independent,0.5,"N(0,10²)",HalfCauchy_beta1,Z_fixed,,0.5,,,,,,,,,0,37.37755107879639
