Structure,Z,MuPrior,SigmaPrior,Parameter,True,PosteriorMean,Bias,MSE,RMSE,Lower95CrI,Upper95CrI,Coverage,ESS_Bulk,Rhat,Divergences,ElapsedSeconds
Independent,0.7,"N(0,5²)",HalfCauchy_beta2p5,mu_omega,0.5,0.3666324108058583,-0.1333675891941417,0.017786913847457345,0.1333675891941417,0.20163993042905745,0.5420357938461834,True,2282.0,1.0,0,35.18537211418152
Independent,0.7,"N(0,5²)",HalfCauchy_beta2p5,sigma_omega,1.0,1.2348809729302996,0.23488097293029964,0.05516907144468415,0.23488097293029964,0.7231852439085091,1.5305267229614548,True,846.0,1.01,0,35.18537211418152
Independent,0.7,"N(0,5²)",HalfCauchy_beta2p5,sigma_direct,1.2,1.2220057713384787,0.022005771338478697,0.0004842539722014105,0.022005771338478697,0.799487409224855,1.6221516107822167,True,862.0,1.01,0,35.18537211418152
Independent,0.7,"N(0,5²)",HalfCauchy_beta2p5,sigma_collateral,0.8,0.8135225172568292,0.01352251725682918,0.000182858472961243,0.01352251725682918,0.3493897802083225,1.2988188047423368,True,816.0,1.01,0,35.18537211418152
Independent,0.7,"N(0,5²)",HalfCauchy_beta2p5,Z_fixed,,0.7,,,,,,,,,0,35.18537211418152
