Structure,Z,MuPrior,SigmaPrior,Parameter,True,PosteriorMean,Bias,MSE,RMSE,Lower95CrI,Upper95CrI,Coverage,ESS_Bulk,Rhat,Divergences,ElapsedSeconds
Independent,0.5,"N(0,10²)",HalfNormal_sigma2,mu_omega,0.5,0.39691518412708116,-0.10308481587291884,0.010626479263553581,0.10308481587291884,0.24365720147190567,0.5520049105623944,True,2148.0,1.0,0,37.25149440765381
Independent,0.5,"N(0,10²)",HalfNormal_sigma2,sigma_omega,1.0,1.2289576078991777,0.22895760789917774,0.052421586214913614,0.22895760789917774,0.7339569378022057,1.5044437449019716,True,548.0,1.01,0,37.25149440765381
Independent,0.5,"N(0,10²)",HalfNormal_sigma2,sigma_direct,1.2,1.2286683577582997,0.02866835775829979,0.0008218747365578678,0.02866835775829979,0.8433475798789856,1.6514011775683861,True,699.0,1.01,0,37.25149440765381
Independent,0.5,"N(0,10²)",HalfNormal_sigma2,sigma_collateral,0.8,0.8082171823238834,0.008217182323883354,6.752208534394104e-05,0.008217182323883354,0.3558118105274985,1.3149997045248893,True,582.0,1.01,0,37.25149440765381
Independent,0.5,"N(0,10²)",HalfNormal_sigma2,Z_fixed,,0.5,,,,,,,,,0,37.25149440765381
