Structure,Z,MuPrior,SigmaPrior,Parameter,True,PosteriorMean,Bias,MSE,RMSE,Lower95CrI,Upper95CrI,Coverage,ESS_Bulk,Rhat,Divergences,ElapsedSeconds
Independent,0.5,"N(0,2²)",HalfCauchy_beta1,mu_omega,0.5,0.3962616653981414,-0.1037383346018586,0.010761642065967175,0.1037383346018586,0.2343620926940299,0.550895862464999,True,2026.0,1.0,0,37.23860287666321
Independent,0.5,"N(0,2²)",HalfCauchy_beta1,sigma_omega,1.0,1.2236941986159975,0.22369419861599749,0.05003909449445333,0.22369419861599749,0.7567992908651817,1.5037506496061144,True,1110.0,1.0,0,37.23860287666321
Independent,0.5,"N(0,2²)",HalfCauchy_beta1,sigma_direct,1.2,1.2361968934115541,0.03619689341155419,0.001310215092647415,0.03619689341155419,0.8456630142377514,1.6087851666815378,True,1240.0,1.0,0,37.23860287666321
Independent,0.5,"N(0,2²)",HalfCauchy_beta1,sigma_collateral,0.8,0.8193498381133861,0.019349838113386086,0.0003744162350142488,0.019349838113386086,0.33180503626719343,1.2853192635072406,True,964.0,1.0,0,37.23860287666321
Independent,0.5,"N(0,2²)",HalfCauchy_beta1,Z_fixed,,0.5,,,,,,,,,0,37.23860287666321
