Structure,Z,MuPrior,SigmaPrior,Parameter,True,PosteriorMean,Bias,MSE,RMSE,Lower95CrI,Upper95CrI,Coverage,ESS_Bulk,Rhat,Divergences,ElapsedSeconds
Independent,0.9,"N(0,10²)",HalfNormal_sigma2,mu_omega,0.5,0.32863769111954777,-0.17136230888045223,0.029365040904839518,0.17136230888045223,0.14165708534966445,0.5212211342797811,True,2486.0,1.0,0,29.49539828300476
Independent,0.9,"N(0,10²)",HalfNormal_sigma2,sigma_omega,1.0,1.2479870163873448,0.24798701638734477,0.0614975602966972,0.24798701638734477,0.7411569038232763,1.5932376745486674,True,1137.0,1.0,0,29.49539828300476
Independent,0.9,"N(0,10²)",HalfNormal_sigma2,sigma_direct,1.2,1.2080157536688338,0.008015753668833892,6.425230687942399e-05,0.008015753668833892,0.7615390274794988,1.6060012803670198,True,1290.0,1.0,0,29.49539828300476
Independent,0.9,"N(0,10²)",HalfNormal_sigma2,sigma_collateral,0.8,0.8146387759771855,0.014638775977185436,0.00021429376211022142,0.014638775977185436,0.3303104376342635,1.282306696822515,True,1080.0,1.0,0,29.49539828300476
Independent,0.9,"N(0,10²)",HalfNormal_sigma2,Z_fixed,,0.9,,,,,,,,,0,29.49539828300476
