Structure,Z,MuPrior,SigmaPrior,Parameter,True,PosteriorMean,Bias,MSE,RMSE,Lower95CrI,Upper95CrI,Coverage,ESS_Bulk,Rhat,Divergences,ElapsedSeconds
Independent,0.9,"N(0,2²)",HalfCauchy_beta5,mu_omega,0.5,0.3281129370865887,-0.17188706291341133,0.029545162396999024,0.17188706291341133,0.13581674280977815,0.5226320649883681,True,2217.0,1.0,0,29.411070108413696
Independent,0.9,"N(0,2²)",HalfCauchy_beta5,sigma_omega,1.0,1.2487256242512654,0.24872562425126543,0.06186443615918168,0.24872562425126543,0.6981979467843527,1.5966316858081027,True,855.0,1.0,0,29.411070108413696
Independent,0.9,"N(0,2²)",HalfCauchy_beta5,sigma_direct,1.2,1.2020523796856664,0.0020523796856664056,4.212262374136134e-06,0.0020523796856664056,0.7528050652667615,1.6116279745318052,True,864.0,1.0,0,29.411070108413696
Independent,0.9,"N(0,2²)",HalfCauchy_beta5,sigma_collateral,0.8,0.8274317033434575,0.02743170334345746,0.0007524983483234551,0.02743170334345746,0.39489109968636027,1.2695656167937606,True,1198.0,1.0,0,29.411070108413696
Independent,0.9,"N(0,2²)",HalfCauchy_beta5,Z_fixed,,0.9,,,,,,,,,0,29.411070108413696
