Structure,Z,MuPrior,SigmaPrior,Parameter,True,PosteriorMean,Bias,MSE,RMSE,Lower95CrI,Upper95CrI,Coverage,ESS_Bulk,Rhat,Divergences,ElapsedSeconds
Independent,0.7,"N(0,5²)",HalfCauchy_beta5,mu_omega,0.5,0.36751773514713826,-0.13248226485286174,0.017551550500543807,0.13248226485286174,0.19116749246752662,0.5385744451986486,True,2024.0,1.0,0,31.447994709014893
Independent,0.7,"N(0,5²)",HalfCauchy_beta5,sigma_omega,1.0,1.250117002195203,0.25011700219520305,0.0625585147871152,0.25011700219520305,0.8326069382993821,1.523793530728381,True,1359.0,1.0,0,31.447994709014893
Independent,0.7,"N(0,5²)",HalfCauchy_beta5,sigma_direct,1.2,1.2155739508736287,0.015573950873628783,0.00024254794581420275,0.015573950873628783,0.8203762199259121,1.5825850493531695,True,1354.0,1.0,0,31.447994709014893
Independent,0.7,"N(0,5²)",HalfCauchy_beta5,sigma_collateral,0.8,0.8100517234597898,0.010051723459789774,0.0001010371445120881,0.010051723459789774,0.36931270503441843,1.245554353419115,True,1412.0,1.0,0,31.447994709014893
Independent,0.7,"N(0,5²)",HalfCauchy_beta5,Z_fixed,,0.7,,,,,,,,,0,31.447994709014893
