Structure,Z,MuPrior,SigmaPrior,Parameter,True,PosteriorMean,Bias,MSE,RMSE,Lower95CrI,Upper95CrI,Coverage,ESS_Bulk,Rhat,Divergences,ElapsedSeconds
Independent,0.9,"N(0,2²)",HalfNormal_sigma2,mu_omega,0.5,0.3259139086038795,-0.17408609139612052,0.030305967217578427,0.17408609139612052,0.1273043909289385,0.5206022378650874,True,2037.0,1.0,0,28.90502119064331
Independent,0.9,"N(0,2²)",HalfNormal_sigma2,sigma_omega,1.0,1.2482060497499392,0.2482060497499392,0.0616062431324693,0.2482060497499392,0.7442123985050858,1.5938228416287075,True,1156.0,1.0,0,28.90502119064331
Independent,0.9,"N(0,2²)",HalfNormal_sigma2,sigma_direct,1.2,1.2093989370235931,0.009398937023593179,8.834001717347061e-05,0.009398937023593179,0.7709176683248823,1.601804949021129,True,1187.0,1.0,0,28.90502119064331
Independent,0.9,"N(0,2²)",HalfNormal_sigma2,sigma_collateral,0.8,0.8280672051428218,0.028067205142821794,0.0007877680045292421,0.028067205142821794,0.3729244663912537,1.2752129792269205,True,1420.0,1.0,0,28.90502119064331
Independent,0.9,"N(0,2²)",HalfNormal_sigma2,Z_fixed,,0.9,,,,,,,,,0,28.90502119064331
