Structure,Z,MuPrior,SigmaPrior,Parameter,True,PosteriorMean,Bias,MSE,RMSE,Lower95CrI,Upper95CrI,Coverage,ESS_Bulk,Rhat,Divergences,ElapsedSeconds
Independent,0.5,"N(0,5²)",HalfCauchy_beta1,mu_omega,0.5,0.3958307923446356,-0.10416920765536442,0.010851223823546433,0.10416920765536442,0.2377312732368243,0.5524832321650572,True,2061.0,1.0,0,36.946414947509766
Independent,0.5,"N(0,5²)",HalfCauchy_beta1,sigma_omega,1.0,1.192709644126354,0.19270964412635405,0.03713700693930602,0.19270964412635405,0.441589673273388,1.495816900531577,True,748.0,1.0,0,36.946414947509766
Independent,0.5,"N(0,5²)",HalfCauchy_beta1,sigma_direct,1.2,1.2539609998790775,0.05396099987907754,0.0029117895079498065,0.05396099987907754,0.8444635287216055,1.6858350710578212,True,873.0,1.01,0,36.946414947509766
Independent,0.5,"N(0,5²)",HalfCauchy_beta1,sigma_collateral,0.8,0.8428318869584608,0.04283188695846074,0.0018345705404223592,0.04283188695846074,0.38383838457970665,1.37499878282232,True,713.0,1.0,0,36.946414947509766
Independent,0.5,"N(0,5²)",HalfCauchy_beta1,Z_fixed,,0.5,,,,,,,,,0,36.946414947509766
