Structure,Z,MuPrior,SigmaPrior,Parameter,True,PosteriorMean,Bias,MSE,RMSE,Lower95CrI,Upper95CrI,Coverage,ESS_Bulk,Rhat,Divergences,ElapsedSeconds
Independent,0.7,"N(0,10²)",HalfCauchy_beta2p5,mu_omega,0.5,0.36699385447746524,-0.13300614552253476,0.017690634746761694,0.13300614552253476,0.20661940787566097,0.5438753096879202,True,2069.0,1.0,0,32.75073480606079
Independent,0.7,"N(0,10²)",HalfCauchy_beta2p5,sigma_omega,1.0,1.2391083509532121,0.23910835095321215,0.057172803495564466,0.23910835095321215,0.7401106607901519,1.5292271813976015,True,970.0,1.01,0,32.75073480606079
Independent,0.7,"N(0,10²)",HalfCauchy_beta2p5,sigma_direct,1.2,1.2219048841753608,0.02190488417536085,0.0004798239507359742,0.02190488417536085,0.8134847219473049,1.6079705310760382,True,968.0,1.01,0,32.75073480606079
Independent,0.7,"N(0,10²)",HalfCauchy_beta2p5,sigma_collateral,0.8,0.8153047012679188,0.015304701267918719,0.00023423388090023284,0.015304701267918719,0.3693156304888717,1.2737838343003824,True,1063.0,1.01,0,32.75073480606079
Independent,0.7,"N(0,10²)",HalfCauchy_beta2p5,Z_fixed,,0.7,,,,,,,,,0,32.75073480606079
