Structure,Z,MuPrior,SigmaPrior,Parameter,True,PosteriorMean,Bias,MSE,RMSE,Lower95CrI,Upper95CrI,Coverage,ESS_Bulk,Rhat,Divergences,ElapsedSeconds
Independent,0.9,"N(0,10²)",HalfCauchy_beta2p5,mu_omega,0.5,0.32759027804490176,-0.17240972195509824,0.029725112224634285,0.17240972195509824,0.13003055551689294,0.5177246708928941,True,2163.0,1.0,0,30.085963010787964
Independent,0.9,"N(0,10²)",HalfCauchy_beta2p5,sigma_omega,1.0,1.2459523926191565,0.24595239261915647,0.06049257943508769,0.24595239261915647,0.6868671235419332,1.6005273897396102,True,937.0,1.0,0,30.085963010787964
Independent,0.9,"N(0,10²)",HalfCauchy_beta2p5,sigma_direct,1.2,1.210856272769358,0.010856272769357966,0.00011785865844270328,0.010856272769357966,0.7720716206564092,1.621706115670296,True,1010.0,1.0,0,30.085963010787964
Independent,0.9,"N(0,10²)",HalfCauchy_beta2p5,sigma_collateral,0.8,0.8232007916432708,0.023200791643270713,0.0005382767328744602,0.023200791643270713,0.35346790591453414,1.2859191378990205,True,1004.0,1.01,0,30.085963010787964
Independent,0.9,"N(0,10²)",HalfCauchy_beta2p5,Z_fixed,,0.9,,,,,,,,,0,30.085963010787964
