Structure,Z,MuPrior,SigmaPrior,Parameter,True,PosteriorMean,Bias,MSE,RMSE,Lower95CrI,Upper95CrI,Coverage,ESS_Bulk,Rhat,Divergences,ElapsedSeconds
Independent,0.7,"N(0,10²)",HalfNormal_sigma2,mu_omega,0.5,0.3717522807074048,-0.1282477192925952,0.0164474775037523,0.1282477192925952,0.20410950691983842,0.543755901978359,True,2319.0,1.0,0,32.74859809875488
Independent,0.7,"N(0,10²)",HalfNormal_sigma2,sigma_omega,1.0,1.247938887369835,0.24793888736983494,0.06147369187019169,0.24793888736983494,0.7886330443839701,1.5333578580570508,True,1105.0,1.0,0,32.74859809875488
Independent,0.7,"N(0,10²)",HalfNormal_sigma2,sigma_direct,1.2,1.218448809132521,0.018448809132521005,0.0003403585584081904,0.018448809132521005,0.8431798022821367,1.5927667815696414,True,1201.0,1.0,0,32.74859809875488
Independent,0.7,"N(0,10²)",HalfNormal_sigma2,sigma_collateral,0.8,0.800941456797145,0.0009414567971449683,8.86340900890462e-07,0.0009414567971449683,0.33887673754144354,1.2593775718779288,True,928.0,1.0,0,32.74859809875488
Independent,0.7,"N(0,10²)",HalfNormal_sigma2,Z_fixed,,0.7,,,,,,,,,0,32.74859809875488
