Structure,Z,MuPrior,SigmaPrior,Parameter,True,PosteriorMean,Bias,MSE,RMSE,Lower95CrI,Upper95CrI,Coverage,ESS_Bulk,Rhat,Divergences,ElapsedSeconds
Independent,0.9,"N(0,5²)",HalfNormal_sigma2,mu_omega,0.5,0.3248803236535716,-0.1751196763464284,0.03066690104367783,0.1751196763464284,0.1372586141668793,0.5148247816233537,True,2307.0,1.0,0,27.41477131843567
Independent,0.9,"N(0,5²)",HalfNormal_sigma2,sigma_omega,1.0,1.2359379111232427,0.2359379111232427,0.05566669790519917,0.2359379111232427,0.7098515290556485,1.5915112890767247,True,1013.0,1.0,0,27.41477131843567
Independent,0.9,"N(0,5²)",HalfNormal_sigma2,sigma_direct,1.2,1.2154059204847392,0.01540592048473921,0.00023734238598210723,0.01540592048473921,0.7602680464019748,1.6144307816287997,True,1155.0,1.0,0,27.41477131843567
Independent,0.9,"N(0,5²)",HalfNormal_sigma2,sigma_collateral,0.8,0.82748431672733,0.027484316727329983,0.0007553876659681907,0.027484316727329983,0.36116008760823076,1.2876843793624737,True,988.0,1.0,0,27.41477131843567
Independent,0.9,"N(0,5²)",HalfNormal_sigma2,Z_fixed,,0.9,,,,,,,,,0,27.41477131843567
