Structure,Z,MuPrior,SigmaPrior,Parameter,True,PosteriorMean,Bias,MSE,RMSE,Lower95CrI,Upper95CrI,Coverage,ESS_Bulk,Rhat,Divergences,ElapsedSeconds
Independent,0.7,"N(0,2²)",HalfNormal_sigma2,mu_omega,0.5,0.3687025539753994,-0.13129744602460058,0.017239019332582903,0.13129744602460058,0.19430162528656894,0.5403476871090382,True,2163.0,1.0,0,29.666303396224976
Independent,0.7,"N(0,2²)",HalfNormal_sigma2,sigma_omega,1.0,1.2376182184867095,0.2376182184867095,0.05646241775679761,0.2376182184867095,0.71258889192105,1.5246781519107115,True,982.0,1.01,0,29.666303396224976
Independent,0.7,"N(0,2²)",HalfNormal_sigma2,sigma_direct,1.2,1.220274664807163,0.020274664807163,0.00041106203304281394,0.020274664807163,0.8177813088955846,1.6226139787710352,True,1111.0,1.0,0,29.666303396224976
Independent,0.7,"N(0,2²)",HalfNormal_sigma2,sigma_collateral,0.8,0.8124322680243804,0.012432268024380355,0.00015456128823003023,0.012432268024380355,0.3401246585669612,1.28534063267957,True,964.0,1.0,0,29.666303396224976
Independent,0.7,"N(0,2²)",HalfNormal_sigma2,Z_fixed,,0.7,,,,,,,,,0,29.666303396224976
