Structure,Z,MuPrior,SigmaPrior,Parameter,True,PosteriorMean,Bias,MSE,RMSE,Lower95CrI,Upper95CrI,Coverage,ESS_Bulk,Rhat,Divergences,ElapsedSeconds
Independent,0.7,"N(0,2²)",HalfCauchy_beta2p5,mu_omega,0.5,0.367907509550482,-0.13209249044951799,0.017448426033156002,0.13209249044951799,0.19525537376425797,0.5427198282952967,True,2104.0,1.0,0,30.23757791519165
Independent,0.7,"N(0,2²)",HalfCauchy_beta2p5,sigma_omega,1.0,1.2324458884896567,0.23244588848965675,0.05403109107574594,0.23244588848965675,0.7289524261457626,1.5300434890819605,True,639.0,1.0,0,30.23757791519165
Independent,0.7,"N(0,2²)",HalfCauchy_beta2p5,sigma_direct,1.2,1.226857374495773,0.026857374495772968,0.0007213185648061963,0.026857374495772968,0.8095876178258374,1.613029242593312,True,638.0,1.0,0,30.23757791519165
Independent,0.7,"N(0,2²)",HalfCauchy_beta2p5,sigma_collateral,0.8,0.8169084328452599,0.01690843284525989,0.0002858951012826635,0.01690843284525989,0.3347739492500635,1.2910780377627717,True,718.0,1.0,0,30.23757791519165
Independent,0.7,"N(0,2²)",HalfCauchy_beta2p5,Z_fixed,,0.7,,,,,,,,,0,30.23757791519165
