Structure,Z,MuPrior,SigmaPrior,Parameter,True,PosteriorMean,Bias,MSE,RMSE,Lower95CrI,Upper95CrI,Coverage,ESS_Bulk,Rhat,Divergences,ElapsedSeconds
Independent,0.7,"N(0,5²)",HalfCauchy_beta1,mu_omega,0.5,0.37196321419785455,-0.12803678580214545,0.016393418518544475,0.12803678580214545,0.19810245779122856,0.5457904764761405,True,2049.0,1.0,0,33.46268367767334
Independent,0.7,"N(0,5²)",HalfCauchy_beta1,sigma_omega,1.0,1.2122933270723437,0.21229332707234372,0.04506845671944511,0.21229332707234372,0.7317042964277833,1.5138782900359842,True,1152.0,1.0,0,33.46268367767334
Independent,0.7,"N(0,5²)",HalfCauchy_beta1,sigma_direct,1.2,1.2474424053393225,0.047442405339322535,0.0022507818243805793,0.047442405339322535,0.8544351886638333,1.6148709141754671,True,1205.0,1.0,0,33.46268367767334
Independent,0.7,"N(0,5²)",HalfCauchy_beta1,sigma_collateral,0.8,0.8445664999845441,0.044566499984544095,0.001986172920872369,0.044566499984544095,0.3874986035088072,1.292065356885017,True,1222.0,1.0,0,33.46268367767334
Independent,0.7,"N(0,5²)",HalfCauchy_beta1,Z_fixed,,0.7,,,,,,,,,0,33.46268367767334
