Structure,Z,MuPrior,SigmaPrior,Parameter,True,PosteriorMean,Bias,MSE,RMSE,Lower95CrI,Upper95CrI,Coverage,ESS_Bulk,Rhat,Divergences,ElapsedSeconds
Independent,0.5,"N(0,5²)",HalfCauchy_beta2p5,mu_omega,0.5,0.3940318820825922,-0.10596811791740779,0.011229242014957641,0.10596811791740779,0.23921533501948986,0.5481603233257473,True,1938.0,1.0,0,35.379565715789795
Independent,0.5,"N(0,5²)",HalfCauchy_beta2p5,sigma_omega,1.0,1.2395527071646624,0.23955270716466237,0.05738549950991848,0.23955270716466237,0.8185093966306455,1.5029757434116437,True,1115.0,1.0,0,35.379565715789795
Independent,0.5,"N(0,5²)",HalfCauchy_beta2p5,sigma_direct,1.2,1.2280449472032058,0.028044947203205828,0.0007865190636306024,0.028044947203205828,0.8377446990577366,1.605008375274707,True,1295.0,1.0,0,35.379565715789795
Independent,0.5,"N(0,5²)",HalfCauchy_beta2p5,sigma_collateral,0.8,0.8078744444758414,0.007874444475841402,6.200687580310918e-05,0.007874444475841402,0.3465944690221476,1.2417686866370623,True,1082.0,1.0,0,35.379565715789795
Independent,0.5,"N(0,5²)",HalfCauchy_beta2p5,Z_fixed,,0.5,,,,,,,,,0,35.379565715789795
