Structure,Z,MuPrior,SigmaPrior,Parameter,True,PosteriorMean,Bias,MSE,RMSE,Lower95CrI,Upper95CrI,Coverage,ESS_Bulk,Rhat,Divergences,ElapsedSeconds
AR1,0.7,"N(0,2²)",HalfCauchy_beta5,mu_omega,0.5,0.45821545041876743,-0.041784549581232566,0.0017459485837064827,0.041784549581232566,0.24563496966809079,0.6674760523706296,True,3311.0,1.0,0,26.868921279907227
AR1,0.7,"N(0,2²)",HalfCauchy_beta5,sigma_omega,1.0,1.0598162619339186,0.059816261933918646,0.0035779851917471647,0.059816261933918646,0.8589455752902124,1.2701601779870582,True,1727.0,1.0,0,26.868921279907227
AR1,0.7,"N(0,2²)",HalfCauchy_beta5,rho,0.85,0.8755002224124621,0.02550022241246208,0.0006502613430850334,0.02550022241246208,0.7148578846187951,0.9808954473433137,True,1841.0,1.0,0,26.868921279907227
AR1,0.7,"N(0,2²)",HalfCauchy_beta5,sigma_direct,1.2,1.1758537707330206,-0.024146229266979402,0.0005830403878135326,0.024146229266979402,0.9485138946574634,1.4106501895297603,True,2413.0,1.0,0,26.868921279907227
AR1,0.7,"N(0,2²)",HalfCauchy_beta5,sigma_collateral,0.8,0.7284391298768379,-0.07156087012316215,0.005120958132784081,0.07156087012316215,0.46445940920010814,0.9644609460825301,True,1948.0,1.0,0,26.868921279907227
AR1,0.7,"N(0,2²)",HalfCauchy_beta5,Z_fixed,,0.7,,,,,,,,,0,26.868921279907227
