Structure,Z,MuPrior,SigmaPrior,Parameter,True,PosteriorMean,Bias,MSE,RMSE,Lower95CrI,Upper95CrI,Coverage,ESS_Bulk,Rhat,Divergences,ElapsedSeconds
AR1,0.7,"N(0,2²)",HalfNormal_sigma2,mu_omega,0.5,0.4586469240667553,-0.04135307593324472,0.0017100768891407038,0.04135307593324472,0.23379828541593042,0.6727286515238313,True,3090.0,1.0,0,26.067274570465088
AR1,0.7,"N(0,2²)",HalfNormal_sigma2,sigma_omega,1.0,1.0544424607784086,0.05444246077840864,0.0029639815356085632,0.05444246077840864,0.8570240171204558,1.2791782824554288,True,1521.0,1.0,0,26.067274570465088
AR1,0.7,"N(0,2²)",HalfNormal_sigma2,rho,0.85,0.8744126100652031,0.024412610065203122,0.0005959755301956568,0.024412610065203122,0.7080503484266847,0.9794130050318299,True,1915.0,1.0,0,26.067274570465088
AR1,0.7,"N(0,2²)",HalfNormal_sigma2,sigma_direct,1.2,1.1827393660546166,-0.017260633945383352,0.00029792948419652006,0.017260633945383352,0.9440892867485444,1.4144369889112018,True,1984.0,1.0,0,26.067274570465088
AR1,0.7,"N(0,2²)",HalfNormal_sigma2,sigma_collateral,0.8,0.7318228821225318,-0.06817711787746827,0.004648119402078204,0.06817711787746827,0.4511900977502244,0.9673264971661845,True,1715.0,1.0,0,26.067274570465088
AR1,0.7,"N(0,2²)",HalfNormal_sigma2,Z_fixed,,0.7,,,,,,,,,0,26.067274570465088
