Structure,Z,MuPrior,SigmaPrior,Parameter,True,PosteriorMean,Bias,MSE,RMSE,Lower95CrI,Upper95CrI,Coverage,ESS_Bulk,Rhat,Divergences,ElapsedSeconds
AR1,0.5,"N(0,2²)",HalfNormal_sigma2,mu_omega,0.5,0.4721787537040565,-0.027821246295943514,0.0007740217454595507,0.027821246295943514,0.2724289433558693,0.6656743823088511,True,3044.0,1.0,0,42.792638301849365
AR1,0.5,"N(0,2²)",HalfNormal_sigma2,sigma_omega,1.0,1.0382970766846773,0.0382970766846773,0.0014666660825920536,0.0382970766846773,0.8555051336560021,1.2429008241642543,True,1460.0,1.0,0,42.792638301849365
AR1,0.5,"N(0,2²)",HalfNormal_sigma2,rho,0.85,0.8767672051799797,0.02676720517997977,0.0007164832731471358,0.02676720517997977,0.7297522061457635,0.9793301189145057,True,1934.0,1.0,0,42.792638301849365
AR1,0.5,"N(0,2²)",HalfNormal_sigma2,sigma_direct,1.2,1.1937807168208137,-0.006219283179186297,3.867948326290961e-05,0.006219283179186297,0.9349805531909584,1.44519352302727,True,2377.0,1.0,0,42.792638301849365
AR1,0.5,"N(0,2²)",HalfNormal_sigma2,sigma_collateral,0.8,0.7385062053593444,-0.06149379464065563,0.003781486779307127,0.06149379464065563,0.4852744268264105,0.9389466457641323,True,1694.0,1.0,0,42.792638301849365
AR1,0.5,"N(0,2²)",HalfNormal_sigma2,Z_fixed,,0.5,,,,,,,,,0,42.792638301849365
