Structure,Z,MuPrior,SigmaPrior,Parameter,True,PosteriorMean,Bias,MSE,RMSE,Lower95CrI,Upper95CrI,Coverage,ESS_Bulk,Rhat,Divergences,ElapsedSeconds
AR1,0.7,"N(0,10²)",HalfNormal_sigma2,mu_omega,0.5,0.46118829669426586,-0.038811703305734135,0.001506348313492334,0.038811703305734135,0.25555482249348277,0.6711210249487701,True,2905.0,1.0,0,40.349175214767456
AR1,0.7,"N(0,10²)",HalfNormal_sigma2,sigma_omega,1.0,1.0523910882956506,0.052391088295650645,0.0027448261328026622,0.052391088295650645,0.8480425526857113,1.269911078964046,True,1612.0,1.0,0,40.349175214767456
AR1,0.7,"N(0,10²)",HalfNormal_sigma2,rho,0.85,0.8757641916051236,0.025764191605123665,0.0006637935690655247,0.025764191605123665,0.7211261142901167,0.9807371873641691,True,2151.0,1.0,0,40.349175214767456
AR1,0.7,"N(0,10²)",HalfNormal_sigma2,sigma_direct,1.2,1.1829536573817232,-0.017046342618276755,0.0002905777966596784,0.017046342618276755,0.9400933354942861,1.4143725978883068,True,2304.0,1.0,0,40.349175214767456
AR1,0.7,"N(0,10²)",HalfNormal_sigma2,sigma_collateral,0.8,0.7347736099388276,-0.06522639006117248,0.00425448196041222,0.06522639006117248,0.46984100289653474,0.9625602731580715,True,1963.0,1.0,0,40.349175214767456
AR1,0.7,"N(0,10²)",HalfNormal_sigma2,Z_fixed,,0.7,,,,,,,,,0,40.349175214767456
