Structure,Z,MuPrior,SigmaPrior,Parameter,True,PosteriorMean,Bias,MSE,RMSE,Lower95CrI,Upper95CrI,Coverage,ESS_Bulk,Rhat,Divergences,ElapsedSeconds
AR1,0.5,"N(0,5²)",HalfCauchy_beta1,mu_omega,0.5,0.4791795410827725,-0.020820458917227502,0.0004334915095239582,0.020820458917227502,0.28433385835061503,0.6717963182493748,True,2869.0,1.0,0,41.46016001701355
AR1,0.5,"N(0,5²)",HalfCauchy_beta1,sigma_omega,1.0,1.030456117845475,0.030456117845474973,0.0009275751142174591,0.030456117845474973,0.8521996212928169,1.2259493580750644,True,1586.0,1.0,0,41.46016001701355
AR1,0.5,"N(0,5²)",HalfCauchy_beta1,rho,0.85,0.8776129471732342,0.02761294717323426,0.0007624748515918259,0.02761294717323426,0.7299323127097467,0.9814131521069662,True,1926.0,1.0,0,41.46016001701355
AR1,0.5,"N(0,5²)",HalfCauchy_beta1,sigma_direct,1.2,1.2010147620161848,0.0010147620161848891,1.0297419494916212e-06,0.0010147620161848891,0.9493319364044733,1.4500199283459383,True,2344.0,1.0,0,41.46016001701355
AR1,0.5,"N(0,5²)",HalfCauchy_beta1,sigma_collateral,0.8,0.7450322368606667,-0.05496776313933338,0.0030214549845418576,0.05496776313933338,0.5139314858622399,0.9401471137958967,True,1774.0,1.0,0,41.46016001701355
AR1,0.5,"N(0,5²)",HalfCauchy_beta1,Z_fixed,,0.5,,,,,,,,,0,41.46016001701355
