Structure,Z,MuPrior,SigmaPrior,Parameter,True,PosteriorMean,Bias,MSE,RMSE,Lower95CrI,Upper95CrI,Coverage,ESS_Bulk,Rhat,Divergences,ElapsedSeconds
AR1,0.9,"N(0,2²)",HalfCauchy_beta1,mu_omega,0.5,0.4360305989448216,-0.0639694010551784,0.004092084271358259,0.0639694010551784,0.20666196306236637,0.6637459425766182,True,2943.0,1.0,0,25.11639094352722
AR1,0.9,"N(0,2²)",HalfCauchy_beta1,sigma_omega,1.0,1.0657318653113528,0.06573186531135278,0.004320678117309822,0.06573186531135278,0.8329640751679251,1.3156041328313268,True,1680.0,1.0,0,25.11639094352722
AR1,0.9,"N(0,2²)",HalfCauchy_beta1,rho,0.85,0.8776102006997535,0.027610200699753507,0.0007623231826806691,0.027610200699753507,0.7153115077082287,0.9801409537282935,True,2095.0,1.0,0,25.11639094352722
AR1,0.9,"N(0,2²)",HalfCauchy_beta1,sigma_direct,1.2,1.172060159488842,-0.027939840511157943,0.0007806346877889425,0.027939840511157943,0.9353239602823631,1.4014750646929215,True,2301.0,1.0,0,25.11639094352722
AR1,0.9,"N(0,2²)",HalfCauchy_beta1,sigma_collateral,0.8,0.7507631914838002,-0.049236808516199826,0.0024242633128609276,0.049236808516199826,0.4144688018646979,1.074763513028922,True,2405.0,1.0,0,25.11639094352722
AR1,0.9,"N(0,2²)",HalfCauchy_beta1,Z_fixed,,0.9,,,,,,,,,0,25.11639094352722
