Structure,Z,MuPrior,SigmaPrior,Parameter,True,PosteriorMean,Bias,MSE,RMSE,Lower95CrI,Upper95CrI,Coverage,ESS_Bulk,Rhat,Divergences,ElapsedSeconds
AR1,0.7,"N(0,2²)",HalfCauchy_beta2p5,mu_omega,0.5,0.45927364480448146,-0.04072635519551854,0.0016586360075115398,0.04072635519551854,0.24460569712106967,0.6644557854545737,True,3259.0,1.0,0,29.670639038085938
AR1,0.7,"N(0,2²)",HalfCauchy_beta2p5,sigma_omega,1.0,1.0524675316959544,0.05246753169595442,0.0027528418822659814,0.05246753169595442,0.8511998670682864,1.2752495738399605,True,1482.0,1.0,0,29.670639038085938
AR1,0.7,"N(0,2²)",HalfCauchy_beta2p5,rho,0.85,0.8761600557577065,0.026160055757706524,0.0006843485172463142,0.026160055757706524,0.7220235199763005,0.980104680485298,True,1525.0,1.0,0,29.670639038085938
AR1,0.7,"N(0,2²)",HalfCauchy_beta2p5,sigma_direct,1.2,1.180474637384416,-0.01952536261558402,0.000381239785270046,0.01952536261558402,0.9457587994449906,1.4130209425072144,True,2064.0,1.0,0,29.670639038085938
AR1,0.7,"N(0,2²)",HalfCauchy_beta2p5,sigma_collateral,0.8,0.731890103684967,-0.06810989631503306,0.004638957976044554,0.06810989631503306,0.4411208610104159,0.9648016783912455,True,1593.0,1.0,0,29.670639038085938
AR1,0.7,"N(0,2²)",HalfCauchy_beta2p5,Z_fixed,,0.7,,,,,,,,,0,29.670639038085938
