Structure,Z,MuPrior,SigmaPrior,Parameter,True,PosteriorMean,Bias,MSE,RMSE,Lower95CrI,Upper95CrI,Coverage,ESS_Bulk,Rhat,Divergences,ElapsedSeconds
AR1,0.5,"N(0,10²)",HalfCauchy_beta2p5,mu_omega,0.5,0.47466660675889744,-0.025333393241102564,0.0006417808131083411,0.025333393241102564,0.2765295401638175,0.6752128967076875,True,2848.0,1.0,0,45.45998692512512
AR1,0.5,"N(0,10²)",HalfCauchy_beta2p5,sigma_omega,1.0,1.0403539693581938,0.0403539693581938,0.0016284428429620438,0.0403539693581938,0.8558549603756119,1.243277161342982,True,1599.0,1.0,0,45.45998692512512
AR1,0.5,"N(0,10²)",HalfCauchy_beta2p5,rho,0.85,0.8731144122994202,0.02311441229942024,0.0005342760559475896,0.02311441229942024,0.7247316331808222,0.977252697254601,True,2082.0,1.0,0,45.45998692512512
AR1,0.5,"N(0,10²)",HalfCauchy_beta2p5,sigma_direct,1.2,1.193183019708543,-0.006816980291457053,4.647122029411389e-05,0.006816980291457053,0.9405306607296394,1.4411990520869729,True,2227.0,1.0,0,45.45998692512512
AR1,0.5,"N(0,10²)",HalfCauchy_beta2p5,sigma_collateral,0.8,0.7366324543516273,-0.06336754564837277,0.004015445841498606,0.06336754564837277,0.4927413070617981,0.9415724031843519,True,1643.0,1.0,0,45.45998692512512
AR1,0.5,"N(0,10²)",HalfCauchy_beta2p5,Z_fixed,,0.5,,,,,,,,,0,45.45998692512512
