Structure,Z,MuPrior,SigmaPrior,Parameter,True,PosteriorMean,Bias,MSE,RMSE,Lower95CrI,Upper95CrI,Coverage,ESS_Bulk,Rhat,Divergences,ElapsedSeconds
AR1,0.5,"N(0,2²)",HalfCauchy_beta1,mu_omega,0.5,0.4783198680119343,-0.021680131988065676,0.00047002812301994855,0.021680131988065676,0.27846836396974184,0.6705858831775691,True,3385.0,1.0,0,46.22040104866028
AR1,0.5,"N(0,2²)",HalfCauchy_beta1,sigma_omega,1.0,1.0294020181733246,0.02940201817332455,0.0008644786726645072,0.02940201817332455,0.8457399252946992,1.2310331952646336,True,1352.0,1.0,0,46.22040104866028
AR1,0.5,"N(0,2²)",HalfCauchy_beta1,rho,0.85,0.8783431413029704,0.028343141302970443,0.0008033336589201491,0.028343141302970443,0.7271194756551618,0.981011696296153,True,1648.0,1.0,0,46.22040104866028
AR1,0.5,"N(0,2²)",HalfCauchy_beta1,sigma_direct,1.2,1.202683340914078,0.0026833409140780695,7.200318461165329e-06,0.0026833409140780695,0.9572283557423517,1.4652853126268848,True,2174.0,1.0,0,46.22040104866028
AR1,0.5,"N(0,2²)",HalfCauchy_beta1,sigma_collateral,0.8,0.7460592621757367,-0.05394073782426334,0.002909603197025914,0.05394073782426334,0.5090368441632871,0.9431461548288773,True,1355.0,1.0,0,46.22040104866028
AR1,0.5,"N(0,2²)",HalfCauchy_beta1,Z_fixed,,0.5,,,,,,,,,0,46.22040104866028
