Structure,Z,MuPrior,SigmaPrior,Parameter,True,PosteriorMean,Bias,MSE,RMSE,Lower95CrI,Upper95CrI,Coverage,ESS_Bulk,Rhat,Divergences,ElapsedSeconds
AR1,0.5,"N(0,10²)",HalfCauchy_beta5,mu_omega,0.5,0.4787644912810242,-0.021235508718975782,0.00045094683055369643,0.021235508718975782,0.29043804084444874,0.6754695145575302,True,2699.0,1.0,0,45.32986521720886
AR1,0.5,"N(0,10²)",HalfCauchy_beta5,sigma_omega,1.0,1.04459654349674,0.044596543496739915,0.001988851691856615,0.044596543496739915,0.857935276316146,1.2494661511032283,True,1210.0,1.0,0,45.32986521720886
AR1,0.5,"N(0,10²)",HalfCauchy_beta5,rho,0.85,0.8738686948556861,0.0238686948556861,0.0005697145941138561,0.0238686948556861,0.7172284880203708,0.9791024611303593,True,1425.0,1.0,0,45.32986521720886
AR1,0.5,"N(0,10²)",HalfCauchy_beta5,sigma_direct,1.2,1.1875316117343055,-0.012468388265694408,0.000155460705944106,0.012468388265694408,0.922456435669558,1.4418973082990478,True,2095.0,1.0,0,45.32986521720886
AR1,0.5,"N(0,10²)",HalfCauchy_beta5,sigma_collateral,0.8,0.7307760027658,-0.06922399723420003,0.0047919617930805335,0.06922399723420003,0.47414566965921806,0.940935487297192,True,1344.0,1.0,0,45.32986521720886
AR1,0.5,"N(0,10²)",HalfCauchy_beta5,Z_fixed,,0.5,,,,,,,,,0,45.32986521720886
