Structure,Z,MuPrior,SigmaPrior,Parameter,True,PosteriorMean,Bias,MSE,RMSE,Lower95CrI,Upper95CrI,Coverage,ESS_Bulk,Rhat,Divergences,ElapsedSeconds
AR1,0.9,"N(0,2²)",HalfCauchy_beta5,mu_omega,0.5,0.4355405632329532,-0.0644594367670468,0.0041550189883249045,0.0644594367670468,0.2002652369620128,0.6663726998325198,True,3252.0,1.0,0,28.302990198135376
AR1,0.9,"N(0,2²)",HalfCauchy_beta5,sigma_omega,1.0,1.078413497827705,0.0784134978277049,0.006148676641575482,0.0784134978277049,0.8466780967171873,1.3258260442063994,True,1795.0,1.0,0,28.302990198135376
AR1,0.9,"N(0,2²)",HalfCauchy_beta5,rho,0.85,0.8762297727528134,0.026229772752813463,0.0006880009786642355,0.026229772752813463,0.7045491677652392,0.9810573634376387,True,2244.0,1.0,0,28.302990198135376
AR1,0.9,"N(0,2²)",HalfCauchy_beta5,sigma_direct,1.2,1.1609250507313467,-0.03907494926865329,0.0015268516603478284,0.03907494926865329,0.9188903615315526,1.3863808331798626,True,2103.0,1.0,0,28.302990198135376
AR1,0.9,"N(0,2²)",HalfCauchy_beta5,sigma_collateral,0.8,0.7433731234256095,-0.05662687657439058,0.003206603150571265,0.05662687657439058,0.39971062601762813,1.070435003907489,True,2525.0,1.0,0,28.302990198135376
AR1,0.9,"N(0,2²)",HalfCauchy_beta5,Z_fixed,,0.9,,,,,,,,,0,28.302990198135376
