Structure,Z,MuPrior,SigmaPrior,Parameter,True,PosteriorMean,Bias,MSE,RMSE,Lower95CrI,Upper95CrI,Coverage,ESS_Bulk,Rhat,Divergences,ElapsedSeconds
AR1,0.7,"N(0,5²)",HalfNormal_sigma2,mu_omega,0.5,0.4598751002352045,-0.040124899764795496,0.0016100075811348858,0.040124899764795496,0.25041382982785254,0.6699531072669028,True,3042.0,1.0,0,25.847413063049316
AR1,0.7,"N(0,5²)",HalfNormal_sigma2,sigma_omega,1.0,1.054569259391179,0.05456925939117907,0.002977804070501785,0.05456925939117907,0.8554165236786573,1.2743051556932563,True,1571.0,1.0,0,25.847413063049316
AR1,0.7,"N(0,5²)",HalfNormal_sigma2,rho,0.85,0.874996746686793,0.02499674668679297,0.0006248373449236953,0.02499674668679297,0.7170812215846425,0.9781400764965247,True,2144.0,1.0,0,25.847413063049316
AR1,0.7,"N(0,5²)",HalfNormal_sigma2,sigma_direct,1.2,1.1810449474021385,-0.018955052597861455,0.0003592940189876943,0.018955052597861455,0.9400984758478386,1.4083493933213853,True,2205.0,1.0,0,25.847413063049316
AR1,0.7,"N(0,5²)",HalfNormal_sigma2,sigma_collateral,0.8,0.7336026620271374,-0.06639733797286262,0.004408606489882545,0.06639733797286262,0.45085848576045406,0.9643486338402452,True,1909.0,1.0,0,25.847413063049316
AR1,0.7,"N(0,5²)",HalfNormal_sigma2,Z_fixed,,0.7,,,,,,,,,0,25.847413063049316
