Structure,Z,MuPrior,SigmaPrior,Parameter,True,PosteriorMean,Bias,MSE,RMSE,Lower95CrI,Upper95CrI,Coverage,ESS_Bulk,Rhat,Divergences,ElapsedSeconds
AR1,0.7,"N(0,10²)",HalfCauchy_beta5,mu_omega,0.5,0.4601044876188837,-0.03989551238111633,0.001591651908151806,0.03989551238111633,0.24224210439670146,0.6751730594956626,True,2981.0,1.0,0,26.307004690170288
AR1,0.7,"N(0,10²)",HalfCauchy_beta5,sigma_omega,1.0,1.0563015444979824,0.056301544497982414,0.003169863912858294,0.056301544497982414,0.8635024363772129,1.2714935793208373,True,1373.0,1.0,0,26.307004690170288
AR1,0.7,"N(0,10²)",HalfCauchy_beta5,rho,0.85,0.8738677093356535,0.02386770933565352,0.0005696675489312422,0.02386770933565352,0.7256417161858273,0.9791917321972541,True,1840.0,1.0,0,26.307004690170288
AR1,0.7,"N(0,10²)",HalfCauchy_beta5,sigma_direct,1.2,1.1784128685544206,-0.021587131445579333,0.00046600424404872004,0.021587131445579333,0.9416823069147057,1.4158818783432474,True,1996.0,1.0,0,26.307004690170288
AR1,0.7,"N(0,10²)",HalfCauchy_beta5,sigma_collateral,0.8,0.7318891479748068,-0.06811085202519329,0.004639088163597777,0.06811085202519329,0.4721556382462546,0.9609013874382927,True,1698.0,1.0,0,26.307004690170288
AR1,0.7,"N(0,10²)",HalfCauchy_beta5,Z_fixed,,0.7,,,,,,,,,0,26.307004690170288
