Structure,Z,MuPrior,SigmaPrior,Parameter,True,PosteriorMean,Bias,MSE,RMSE,Lower95CrI,Upper95CrI,Coverage,ESS_Bulk,Rhat,Divergences,ElapsedSeconds
AR1,0.5,"N(0,5²)",HalfCauchy_beta2p5,mu_omega,0.5,0.47342705720130074,-0.02657294279869926,0.0007061212889829429,0.02657294279869926,0.27426464184594224,0.6745315332990781,True,2872.0,1.0,0,44.9156813621521
AR1,0.5,"N(0,5²)",HalfCauchy_beta2p5,sigma_omega,1.0,1.0392328844053125,0.039232884405312474,0.0015392192187606106,0.039232884405312474,0.8556020353028979,1.2359601764070254,True,1411.0,1.0,0,44.9156813621521
AR1,0.5,"N(0,5²)",HalfCauchy_beta2p5,rho,0.85,0.873688054910682,0.023688054910682044,0.0005611239454514877,0.023688054910682044,0.7261897754962483,0.975921239350515,True,1921.0,1.0,0,44.9156813621521
AR1,0.5,"N(0,5²)",HalfCauchy_beta2p5,sigma_direct,1.2,1.1933480872460298,-0.006651912753970146,4.4247943286430694e-05,0.006651912753970146,0.9398465305696913,1.4406335916761357,True,2268.0,1.0,0,44.9156813621521
AR1,0.5,"N(0,5²)",HalfCauchy_beta2p5,sigma_collateral,0.8,0.7376010668309952,-0.0623989331690048,0.0038936268606299274,0.0623989331690048,0.49695966879494297,0.9358309687624976,True,1546.0,1.0,0,44.9156813621521
AR1,0.5,"N(0,5²)",HalfCauchy_beta2p5,Z_fixed,,0.5,,,,,,,,,0,44.9156813621521
