Structure,Z,MuPrior,SigmaPrior,Parameter,True,PosteriorMean,Bias,MSE,RMSE,Lower95CrI,Upper95CrI,Coverage,ESS_Bulk,Rhat,Divergences,ElapsedSeconds
AR1,0.5,"N(0,10²)",HalfCauchy_beta1,mu_omega,0.5,0.4751245792974658,-0.02487542070253418,0.000618786555128066,0.02487542070253418,0.2825766975015589,0.6714707277944503,True,3074.0,1.0,0,43.00501012802124
AR1,0.5,"N(0,10²)",HalfCauchy_beta1,sigma_omega,1.0,1.0314447548549912,0.03144475485499121,0.0009887726078904931,0.03144475485499121,0.8480639763951012,1.2264593026052153,True,1727.0,1.0,0,43.00501012802124
AR1,0.5,"N(0,10²)",HalfCauchy_beta1,rho,0.85,0.8777426179993466,0.02774261799934663,0.0007696528534576716,0.02774261799934663,0.7287006918179814,0.9796113760636067,True,2181.0,1.0,0,43.00501012802124
AR1,0.5,"N(0,10²)",HalfCauchy_beta1,sigma_direct,1.2,1.1984872721248798,-0.0015127278751201345,2.2883456241654773e-06,0.0015127278751201345,0.9530326725156087,1.4534173450917152,True,2586.0,1.0,0,43.00501012802124
AR1,0.5,"N(0,10²)",HalfCauchy_beta1,sigma_collateral,0.8,0.742952749144326,-0.05704725085567408,0.0032543888301902074,0.05704725085567408,0.5029273343834234,0.9393700940901093,True,1974.0,1.0,0,43.00501012802124
AR1,0.5,"N(0,10²)",HalfCauchy_beta1,Z_fixed,,0.5,,,,,,,,,0,43.00501012802124
