Structure,Z,MuPrior,SigmaPrior,Parameter,True,PosteriorMean,Bias,MSE,RMSE,Lower95CrI,Upper95CrI,Coverage,ESS_Bulk,Rhat,Divergences,ElapsedSeconds
AR1,0.9,"N(0,5²)",HalfCauchy_beta1,mu_omega,0.5,0.43613588846411777,-0.06386411153588223,0.004078624742267605,0.06386411153588223,0.2082928558948303,0.6621507049240113,True,3193.0,1.0,0,31.637176513671875
AR1,0.9,"N(0,5²)",HalfCauchy_beta1,sigma_omega,1.0,1.0675599100480606,0.06755991004806061,0.004564341445702042,0.06755991004806061,0.8461923376466365,1.314284135122256,True,1434.0,1.0,0,31.637176513671875
AR1,0.9,"N(0,5²)",HalfCauchy_beta1,rho,0.85,0.8769893629194564,0.026989362919456417,0.000728425710798129,0.026989362919456417,0.7079080084057008,0.9784696358824896,True,2244.0,1.0,0,31.637176513671875
AR1,0.9,"N(0,5²)",HalfCauchy_beta1,sigma_direct,1.2,1.1705104513482936,-0.029489548651706388,0.000869633479681358,0.029489548651706388,0.9205485774442609,1.3920110270009294,True,1850.0,1.0,0,31.637176513671875
AR1,0.9,"N(0,5²)",HalfCauchy_beta1,sigma_collateral,0.8,0.7514562253857546,-0.048543774614245416,0.0023564980537986576,0.048543774614245416,0.4295615053696453,1.0861067990913145,True,2215.0,1.0,0,31.637176513671875
AR1,0.9,"N(0,5²)",HalfCauchy_beta1,Z_fixed,,0.9,,,,,,,,,0,31.637176513671875
