Structure,Z,MuPrior,SigmaPrior,Parameter,True,PosteriorMean,Bias,MSE,RMSE,Lower95CrI,Upper95CrI,Coverage,ESS_Bulk,Rhat,Divergences,ElapsedSeconds
AR1,0.5,"N(0,5²)",HalfCauchy_beta5,mu_omega,0.5,0.47810637975627474,-0.021893620243725265,0.0004793306073764567,0.021893620243725265,0.2900824990507461,0.6784656768475466,True,2696.0,1.0,0,41.8927948474884
AR1,0.5,"N(0,5²)",HalfCauchy_beta5,sigma_omega,1.0,1.0448188411586652,0.04481884115866519,0.0020087285228056607,0.04481884115866519,0.8587536704810446,1.2517198741755808,True,1287.0,1.0,0,41.8927948474884
AR1,0.5,"N(0,5²)",HalfCauchy_beta5,rho,0.85,0.8728290963730836,0.022829096373083613,0.0005211676412115394,0.022829096373083613,0.7205765089481798,0.9774535866900868,True,1651.0,1.0,0,41.8927948474884
AR1,0.5,"N(0,5²)",HalfCauchy_beta5,sigma_direct,1.2,1.1907213112851722,-0.009278688714827732,8.609406426667151e-05,0.009278688714827732,0.929670352837531,1.4415120858261576,True,2167.0,1.0,0,41.8927948474884
AR1,0.5,"N(0,5²)",HalfCauchy_beta5,sigma_collateral,0.8,0.7302746074167048,-0.06972539258329524,0.004861630370894644,0.06972539258329524,0.4750979967301734,0.9416052855327796,True,1416.0,1.0,0,41.8927948474884
AR1,0.5,"N(0,5²)",HalfCauchy_beta5,Z_fixed,,0.5,,,,,,,,,0,41.8927948474884
