Structure,Z,MuPrior,SigmaPrior,Parameter,True,PosteriorMean,Bias,MSE,RMSE,Lower95CrI,Upper95CrI,Coverage,ESS_Bulk,Rhat,Divergences,ElapsedSeconds
AR1,0.9,"N(0,5²)",HalfNormal_sigma2,mu_omega,0.5,0.43688467521307406,-0.06311532478692594,0.003983544222959148,0.06311532478692594,0.20449659165515757,0.6657309463527691,True,3222.0,1.0,0,25.15704345703125
AR1,0.9,"N(0,5²)",HalfNormal_sigma2,sigma_omega,1.0,1.077916551637468,0.07791655163746802,0.006070989019074221,0.07791655163746802,0.8538778927331862,1.3263934081951922,True,1321.0,1.0,0,25.15704345703125
AR1,0.9,"N(0,5²)",HalfNormal_sigma2,rho,0.85,0.8760361670925711,0.026036167092571172,0.000677881996872286,0.026036167092571172,0.7089443354540075,0.9786432657588475,True,1926.0,1.0,0,25.15704345703125
AR1,0.9,"N(0,5²)",HalfNormal_sigma2,sigma_direct,1.2,1.1615982875629576,-0.03840171243704238,0.0014746915180972953,0.03840171243704238,0.9145380343050423,1.3904740967707614,True,1880.0,1.0,0,25.15704345703125
AR1,0.9,"N(0,5²)",HalfNormal_sigma2,sigma_collateral,0.8,0.7442806906618002,-0.055719309338199796,0.003104641433125999,0.055719309338199796,0.38779798188284553,1.065773927717226,True,2359.0,1.0,0,25.15704345703125
AR1,0.9,"N(0,5²)",HalfNormal_sigma2,Z_fixed,,0.9,,,,,,,,,0,25.15704345703125
