Structure,Z,MuPrior,SigmaPrior,Parameter,True,PosteriorMean,Bias,MSE,RMSE,Lower95CrI,Upper95CrI,Coverage,ESS_Bulk,Rhat,Divergences,ElapsedSeconds
AR1,0.9,"N(0,10²)",HalfNormal_sigma2,mu_omega,0.5,0.4372883871470217,-0.06271161285297833,0.003932746386621836,0.06271161285297833,0.1971016636290498,0.6659778556427614,True,2962.0,1.0,0,27.150067806243896
AR1,0.9,"N(0,10²)",HalfNormal_sigma2,sigma_omega,1.0,1.0786317143365212,0.07863171433652116,0.0061829464995002675,0.07863171433652116,0.8580148329475878,1.328564886241319,True,1595.0,1.0,0,27.150067806243896
AR1,0.9,"N(0,10²)",HalfNormal_sigma2,rho,0.85,0.8759044423344169,0.02590444233441691,0.0006710401326571311,0.02590444233441691,0.708322596631201,0.9787103713420423,True,2183.0,1.0,0,27.150067806243896
AR1,0.9,"N(0,10²)",HalfNormal_sigma2,sigma_direct,1.2,1.1608264423476693,-0.03917355765233066,0.001534567619140474,0.03917355765233066,0.915519097257707,1.3897877129885179,True,2200.0,1.0,0,27.150067806243896
AR1,0.9,"N(0,10²)",HalfNormal_sigma2,sigma_collateral,0.8,0.7469855431628253,-0.05301445683717476,0.002810532633740666,0.05301445683717476,0.4059870045845865,1.0569724168735029,True,2529.0,1.0,0,27.150067806243896
AR1,0.9,"N(0,10²)",HalfNormal_sigma2,Z_fixed,,0.9,,,,,,,,,0,27.150067806243896
