Structure,Z,MuPrior,SigmaPrior,Parameter,True,PosteriorMean,Bias,MSE,RMSE,Lower95CrI,Upper95CrI,Coverage,ESS_Bulk,Rhat,Divergences,ElapsedSeconds
AR1,0.7,"N(0,5²)",HalfCauchy_beta1,mu_omega,0.5,0.4572379973332496,-0.0427620026667504,0.0018285888720711682,0.0427620026667504,0.24228333131231125,0.6629411314927359,True,3120.0,1.0,0,27.023093461990356
AR1,0.7,"N(0,5²)",HalfCauchy_beta1,sigma_omega,1.0,1.0457610050737502,0.04576100507375025,0.0020940695853597963,0.04576100507375025,0.8464686132480216,1.2653231676753423,True,1441.0,1.0,0,27.023093461990356
AR1,0.7,"N(0,5²)",HalfCauchy_beta1,rho,0.85,0.8766736701253941,0.026673670125394122,0.0007114846779583429,0.026673670125394122,0.721810456808858,0.9799053567375204,True,1953.0,1.0,0,27.023093461990356
AR1,0.7,"N(0,5²)",HalfCauchy_beta1,sigma_direct,1.2,1.1853422322337601,-0.014657767766239838,0.0002148501558890196,0.014657767766239838,0.934214879299574,1.412525996352021,True,1995.0,1.0,0,27.023093461990356
AR1,0.7,"N(0,5²)",HalfCauchy_beta1,sigma_collateral,0.8,0.7432054848474682,-0.056794515152531866,0.003225616951411172,0.056794515152531866,0.4759159705340751,0.9783767251495809,True,1863.0,1.0,0,27.023093461990356
AR1,0.7,"N(0,5²)",HalfCauchy_beta1,Z_fixed,,0.7,,,,,,,,,0,27.023093461990356
