Structure,Z,MuPrior,SigmaPrior,Parameter,True,PosteriorMean,Bias,MSE,RMSE,Lower95CrI,Upper95CrI,Coverage,ESS_Bulk,Rhat,Divergences,ElapsedSeconds
AR1,0.5,"N(0,2²)",HalfCauchy_beta2p5,mu_omega,0.5,0.4760269719874718,-0.023973028012528208,0.0005747060720894621,0.023973028012528208,0.2795300319459499,0.6721760624352591,True,2759.0,1.0,0,41.571897983551025
AR1,0.5,"N(0,2²)",HalfCauchy_beta2p5,sigma_omega,1.0,1.0365127463512016,0.03651274635120161,0.0013331806461071864,0.03651274635120161,0.848180229915158,1.2412494695309697,True,1336.0,1.0,0,41.571897983551025
AR1,0.5,"N(0,2²)",HalfCauchy_beta2p5,rho,0.85,0.8760868001469965,0.02608680014699649,0.0006805211419093362,0.02608680014699649,0.7274220254553044,0.9788769605745807,True,1784.0,1.0,0,41.571897983551025
AR1,0.5,"N(0,2²)",HalfCauchy_beta2p5,sigma_direct,1.2,1.1957293328972796,-0.0042706671027203935,1.82385975022582e-05,0.0042706671027203935,0.9417744249394288,1.4505023532227008,True,2238.0,1.0,0,41.571897983551025
AR1,0.5,"N(0,2²)",HalfCauchy_beta2p5,sigma_collateral,0.8,0.7406272747832304,-0.05937272521676962,0.003525120499666031,0.05937272521676962,0.48400434502167294,0.9555670497218114,True,1552.0,1.0,0,41.571897983551025
AR1,0.5,"N(0,2²)",HalfCauchy_beta2p5,Z_fixed,,0.5,,,,,,,,,0,41.571897983551025
