Structure,Z,MuPrior,SigmaPrior,Parameter,True,PosteriorMean,Bias,MSE,RMSE,Lower95CrI,Upper95CrI,Coverage,ESS_Bulk,Rhat,Divergences,ElapsedSeconds
AR1,0.9,"N(0,10²)",HalfCauchy_beta1,mu_omega,0.5,0.43800570819330514,-0.06199429180669486,0.003843292216613633,0.06199429180669486,0.20621203148511952,0.668309772299806,True,3441.0,1.0,0,25.61256718635559
AR1,0.9,"N(0,10²)",HalfCauchy_beta1,sigma_omega,1.0,1.0670387475587544,0.06703874755875439,0.004494193674246397,0.06703874755875439,0.8376986883900986,1.3125493257652807,True,1952.0,1.0,0,25.61256718635559
AR1,0.9,"N(0,10²)",HalfCauchy_beta1,rho,0.85,0.8785399731806792,0.028539973180679246,0.0008145300691538906,0.028539973180679246,0.7079450734938867,0.9803015523527738,True,2151.0,1.0,0,25.61256718635559
AR1,0.9,"N(0,10²)",HalfCauchy_beta1,sigma_direct,1.2,1.1708342024705627,-0.029165797529437265,0.0008506437455281289,0.029165797529437265,0.9264721766985533,1.395622725571508,True,2343.0,1.0,0,25.61256718635559
AR1,0.9,"N(0,10²)",HalfCauchy_beta1,sigma_collateral,0.8,0.7505932902190909,-0.04940670978090911,0.0024410229713749797,0.04940670978090911,0.3957201598783414,1.0761064272209688,True,2222.0,1.0,0,25.61256718635559
AR1,0.9,"N(0,10²)",HalfCauchy_beta1,Z_fixed,,0.9,,,,,,,,,0,25.61256718635559
