Structure,Z,MuPrior,SigmaPrior,Parameter,True,PosteriorMean,Bias,MSE,RMSE,Lower95CrI,Upper95CrI,Coverage,ESS_Bulk,Rhat,Divergences,ElapsedSeconds
AR1,0.5,"N(0,10²)",HalfNormal_sigma2,mu_omega,0.5,0.4747840426141972,-0.02521595738580279,0.0006358445068826222,0.02521595738580279,0.2719132291668284,0.6680817658705962,True,2823.0,1.0,0,42.176509141922
AR1,0.5,"N(0,10²)",HalfNormal_sigma2,sigma_omega,1.0,1.043439943979009,0.043439943979008966,0.0018870287328994373,0.043439943979008966,0.8625340912880772,1.2546992362758498,True,1532.0,1.0,0,42.176509141922
AR1,0.5,"N(0,10²)",HalfNormal_sigma2,rho,0.85,0.8722310778776454,0.022231077877645444,0.0004942208236019366,0.022231077877645444,0.720228442415603,0.9769712261331093,True,1783.0,1.0,0,42.176509141922
AR1,0.5,"N(0,10²)",HalfNormal_sigma2,sigma_direct,1.2,1.1873526611362013,-0.012647338863798652,0.00015995518033575177,0.012647338863798652,0.9203375100282498,1.4460279260831461,True,2258.0,1.0,0,42.176509141922
AR1,0.5,"N(0,10²)",HalfNormal_sigma2,sigma_collateral,0.8,0.7336993280272099,-0.0663006719727901,0.004395779104043515,0.0663006719727901,0.4981176331674103,0.9347339213854978,True,1565.0,1.0,0,42.176509141922
AR1,0.5,"N(0,10²)",HalfNormal_sigma2,Z_fixed,,0.5,,,,,,,,,0,42.176509141922
