Structure,Z,MuPrior,SigmaPrior,Parameter,True,PosteriorMean,Bias,MSE,RMSE,Lower95CrI,Upper95CrI,Coverage,ESS_Bulk,Rhat,Divergences,ElapsedSeconds
AR1,0.7,"N(0,10²)",HalfCauchy_beta2p5,mu_omega,0.5,0.4606528419358529,-0.039347158064147125,0.001548198847724978,0.039347158064147125,0.2509635284520412,0.6734624078006475,True,2824.0,1.0,0,28.833008527755737
AR1,0.7,"N(0,10²)",HalfCauchy_beta2p5,sigma_omega,1.0,1.053655152093133,0.053655152093132985,0.002878875346137233,0.053655152093132985,0.8516148859422173,1.270504794687669,True,1619.0,1.0,0,28.833008527755737
AR1,0.7,"N(0,10²)",HalfCauchy_beta2p5,rho,0.85,0.8751293543006738,0.025129354300673867,0.0006314844475687962,0.025129354300673867,0.714702816229132,0.9795441534492362,True,2147.0,1.0,0,28.833008527755737
AR1,0.7,"N(0,10²)",HalfCauchy_beta2p5,sigma_direct,1.2,1.18292857944463,-0.01707142055536992,0.00029143339977830666,0.01707142055536992,0.9517128822138651,1.4086573062966925,True,2143.0,1.0,0,28.833008527755737
AR1,0.7,"N(0,10²)",HalfCauchy_beta2p5,sigma_collateral,0.8,0.7330516049136799,-0.06694839508632011,0.0044820876046340104,0.06694839508632011,0.46112360610263065,0.9680883339785328,True,1817.0,1.0,0,28.833008527755737
AR1,0.7,"N(0,10²)",HalfCauchy_beta2p5,Z_fixed,,0.7,,,,,,,,,0,28.833008527755737
