Structure,Z,MuPrior,SigmaPrior,Parameter,True,PosteriorMean,Bias,MSE,RMSE,Lower95CrI,Upper95CrI,Coverage,ESS_Bulk,Rhat,Divergences,ElapsedSeconds
AR1,0.7,"N(0,10²)",HalfCauchy_beta1,mu_omega,0.5,0.4553049778682686,-0.04469502213173138,0.0019976450033559576,0.04469502213173138,0.24317934694939647,0.6667841671443101,True,2816.0,1.0,0,28.861907482147217
AR1,0.7,"N(0,10²)",HalfCauchy_beta1,sigma_omega,1.0,1.0417976139458487,0.04179761394584869,0.0017470405315662047,0.04179761394584869,0.8432360747642703,1.2682448269716813,True,1225.0,1.0,0,28.861907482147217
AR1,0.7,"N(0,10²)",HalfCauchy_beta1,rho,0.85,0.8805782490085675,0.030578249008567537,0.0009350293124299615,0.030578249008567537,0.7251490189109219,0.9837528127308007,True,1334.0,1.01,0,28.861907482147217
AR1,0.7,"N(0,10²)",HalfCauchy_beta1,sigma_direct,1.2,1.188929332071477,-0.011070667928522848,0.00012255968838362436,0.011070667928522848,0.942512828906952,1.4169051387234788,True,2227.0,1.0,0,28.861907482147217
AR1,0.7,"N(0,10²)",HalfCauchy_beta1,sigma_collateral,0.8,0.7431739235799325,-0.05682607642006754,0.003229202961299356,0.05682607642006754,0.4539068349881802,0.9770391098472231,True,1365.0,1.0,0,28.861907482147217
AR1,0.7,"N(0,10²)",HalfCauchy_beta1,Z_fixed,,0.7,,,,,,,,,0,28.861907482147217
