Structure,Z,MuPrior,SigmaPrior,Parameter,True,PosteriorMean,Bias,MSE,RMSE,Lower95CrI,Upper95CrI,Coverage,ESS_Bulk,Rhat,Divergences,ElapsedSeconds
AR1,0.9,"N(0,5²)",HalfCauchy_beta2p5,mu_omega,0.5,0.43953646979239935,-0.060463530207600646,0.003655838485165436,0.060463530207600646,0.20574922469704449,0.6778557035449565,True,2902.0,1.0,0,27.946808338165283
AR1,0.9,"N(0,5²)",HalfCauchy_beta2p5,sigma_omega,1.0,1.079556346028518,0.07955634602851802,0.006329212193409295,0.07955634602851802,0.8585534103299175,1.3237359508755882,True,1524.0,1.0,0,27.946808338165283
AR1,0.9,"N(0,5²)",HalfCauchy_beta2p5,rho,0.85,0.8752894518691431,0.02528945186914311,0.0006395563758417058,0.02528945186914311,0.7077045271515497,0.9813283903544543,True,1960.0,1.0,0,27.946808338165283
AR1,0.9,"N(0,5²)",HalfCauchy_beta2p5,sigma_direct,1.2,1.1635403313713537,-0.03645966862864625,0.0013293074365106914,0.03645966862864625,0.9154725472673896,1.387125505007464,True,2154.0,1.0,0,27.946808338165283
AR1,0.9,"N(0,5²)",HalfCauchy_beta2p5,sigma_collateral,0.8,0.7405757073652217,-0.05942429263477833,0.00353124655514377,0.05942429263477833,0.36927027055850287,1.0666776075117343,True,1754.0,1.0,0,27.946808338165283
AR1,0.9,"N(0,5²)",HalfCauchy_beta2p5,Z_fixed,,0.9,,,,,,,,,0,27.946808338165283
