Structure,Z,MuPrior,SigmaPrior,Parameter,True,PosteriorMean,Bias,MSE,RMSE,Lower95CrI,Upper95CrI,Coverage,ESS_Bulk,Rhat,Divergences,ElapsedSeconds
AR1,0.9,"N(0,5²)",HalfCauchy_beta5,mu_omega,0.5,0.4375161135233009,-0.06248388647669911,0.0039042360692330223,0.06248388647669911,0.2055306875430091,0.6609978479436479,True,3297.0,1.0,0,24.827351808547974
AR1,0.9,"N(0,5²)",HalfCauchy_beta5,sigma_omega,1.0,1.0796315651162263,0.07963156511622627,0.006341186162859784,0.07963156511622627,0.8430554588693129,1.3239265095900767,True,1612.0,1.0,0,24.827351808547974
AR1,0.9,"N(0,5²)",HalfCauchy_beta5,rho,0.85,0.8768363436598822,0.02683634365988219,0.000720189341031299,0.02683634365988219,0.709132855610878,0.9833943591079888,True,2025.0,1.0,0,24.827351808547974
AR1,0.9,"N(0,5²)",HalfCauchy_beta5,sigma_direct,1.2,1.1618359610577262,-0.038164038942273715,0.0014564938683873847,0.038164038942273715,0.9255226388988448,1.3936819869231345,True,1923.0,1.0,0,24.827351808547974
AR1,0.9,"N(0,5²)",HalfCauchy_beta5,sigma_collateral,0.8,0.7406453140454828,-0.059354685954517206,0.003522978744759362,0.059354685954517206,0.3796125739427027,1.0602775629700287,True,2075.0,1.0,0,24.827351808547974
AR1,0.9,"N(0,5²)",HalfCauchy_beta5,Z_fixed,,0.9,,,,,,,,,0,24.827351808547974
