Structure,Z,MuPrior,SigmaPrior,Parameter,True,PosteriorMean,Bias,MSE,RMSE,Lower95CrI,Upper95CrI,Coverage,ESS_Bulk,Rhat,Divergences,ElapsedSeconds
AR1,0.7,"N(0,5²)",HalfCauchy_beta5,mu_omega,0.5,0.46067661909103425,-0.039323380908965755,0.0015463282861116123,0.039323380908965755,0.23794753585233028,0.670449930786524,True,2835.0,1.0,0,26.145475387573242
AR1,0.7,"N(0,5²)",HalfCauchy_beta5,sigma_omega,1.0,1.0551163863909063,0.055116386390906325,0.003037816048791684,0.055116386390906325,0.8606213899872404,1.2715003694182678,True,1368.0,1.0,0,26.145475387573242
AR1,0.7,"N(0,5²)",HalfCauchy_beta5,rho,0.85,0.8734323358569863,0.02343233585698634,0.0005490743637146078,0.02343233585698634,0.717373551637915,0.9775729220736464,True,1957.0,1.0,0,26.145475387573242
AR1,0.7,"N(0,5²)",HalfCauchy_beta5,sigma_direct,1.2,1.1778549220937238,-0.022145077906276178,0.0004904044754750413,0.022145077906276178,0.9392325121480344,1.416642959687198,True,2149.0,1.0,0,26.145475387573242
AR1,0.7,"N(0,5²)",HalfCauchy_beta5,sigma_collateral,0.8,0.7321829028321079,-0.06781709716789219,0.004599158668279331,0.06781709716789219,0.4664565056974121,0.9620885588752561,True,1762.0,1.0,0,26.145475387573242
AR1,0.7,"N(0,5²)",HalfCauchy_beta5,Z_fixed,,0.7,,,,,,,,,0,26.145475387573242
