Structure,Z,MuPrior,SigmaPrior,Parameter,True,PosteriorMean,Bias,MSE,RMSE,Lower95CrI,Upper95CrI,Coverage,ESS_Bulk,Rhat,Divergences,ElapsedSeconds
AR1,0.9,"N(0,2²)",HalfCauchy_beta2p5,mu_omega,0.5,0.4352567556725762,-0.06474324432742379,0.004191687686040492,0.06474324432742379,0.21055365478372667,0.6648282206771392,True,3203.0,1.0,0,26.41727614402771
AR1,0.9,"N(0,2²)",HalfCauchy_beta2p5,sigma_omega,1.0,1.0782777520610538,0.0782777520610538,0.0061274064677318135,0.0782777520610538,0.8425157269889767,1.3148992045820662,True,1698.0,1.0,0,26.41727614402771
AR1,0.9,"N(0,2²)",HalfCauchy_beta2p5,rho,0.85,0.8764582574022521,0.02645825740225216,0.0007000393847638313,0.02645825740225216,0.7087417558391673,0.9812283344366624,True,2281.0,1.0,0,26.41727614402771
AR1,0.9,"N(0,2²)",HalfCauchy_beta2p5,sigma_direct,1.2,1.1625735706668183,-0.03742642933318163,0.0014007376126316386,0.03742642933318163,0.9256901126063961,1.3946487531889624,True,2268.0,1.0,0,26.41727614402771
AR1,0.9,"N(0,2²)",HalfCauchy_beta2p5,sigma_collateral,0.8,0.7411422741752253,-0.058857725824774776,0.0034642318892643595,0.058857725824774776,0.3853279138896167,1.0600634294368747,True,2054.0,1.0,0,26.41727614402771
AR1,0.9,"N(0,2²)",HalfCauchy_beta2p5,Z_fixed,,0.9,,,,,,,,,0,26.41727614402771
