Structure,ZPrior,MuPrior,SigmaPrior,Parameter,True,PosteriorMean,Bias,MSE,RMSE,Lower95CrI,Upper95CrI,Coverage,ESS_Bulk,Rhat,Divergences,ElapsedSeconds
AR(1),Beta_1_1_sampled,"N(0,5²)",HalfCauchy_beta1,mu_omega,0.5,0.4318709485466119,-0.0681290514533881,0.0046415676519384035,0.0681290514533881,0.19357650792964187,0.6704804269972728,True,3334.0,1.0,0,29.00026774406433
AR(1),Beta_1_1_sampled,"N(0,5²)",HalfCauchy_beta1,sigma_omega,1.0,1.0796166441161008,0.07961664411610081,0.0063388100203098496,0.07961664411610081,0.8390250755344405,1.3386115658261304,True,2006.0,1.0,0,29.00026774406433
AR(1),Beta_1_1_sampled,"N(0,5²)",HalfCauchy_beta1,rho,0.85,0.8767377708243043,0.026737770824304286,0.0007149083886530174,0.026737770824304286,0.7075966806920793,0.9827351853960283,True,2598.0,1.0,0,29.00026774406433
AR(1),Beta_1_1_sampled,"N(0,5²)",HalfCauchy_beta1,sigma_direct,1.2,1.1601431848630332,-0.039856815136966706,0.0015885657128623383,0.039856815136966706,0.9131797067342201,1.3890318305979594,True,2458.0,1.0,0,29.00026774406433
AR(1),Beta_1_1_sampled,"N(0,5²)",HalfCauchy_beta1,sigma_collateral,0.8,0.7581064541404524,-0.04189354585954763,0.0017550691846860205,0.04189354585954763,0.37276445213785714,1.1217821765071276,True,2131.0,1.0,0,29.00026774406433
AR(1),Beta_1_1_sampled,"N(0,5²)",HalfCauchy_beta1,Z,,0.9472973829081195,,,,0.9397400126137211,0.9499368534570212,,2429.0,1.0,0,29.00026774406433
