Structure,ZPrior,MuPrior,SigmaPrior,Parameter,True,PosteriorMean,Bias,MSE,RMSE,Lower95CrI,Upper95CrI,Coverage,ESS_Bulk,Rhat,Divergences,ElapsedSeconds
AR(1),Beta_1_1_sampled,"N(0,10²)",HalfCauchy_beta5,mu_omega,0.5,0.43288759652742964,-0.06711240347257036,0.004504074699865074,0.06711240347257036,0.2040135943634927,0.6713672624543456,True,3190.0,1.0,0,29.602408409118652
AR(1),Beta_1_1_sampled,"N(0,10²)",HalfCauchy_beta5,sigma_omega,1.0,1.089087789861558,0.08908778986155808,0.00793663430241713,0.08908778986155808,0.8538953742998407,1.3662040073895378,True,1891.0,1.0,0,29.602408409118652
AR(1),Beta_1_1_sampled,"N(0,10²)",HalfCauchy_beta5,rho,0.85,0.8741055725575293,0.02410557255752932,0.0005810786283263106,0.02410557255752932,0.6918256841463165,0.9820591488484363,True,2297.0,1.0,0,29.602408409118652
AR(1),Beta_1_1_sampled,"N(0,10²)",HalfCauchy_beta5,sigma_direct,1.2,1.1537539223678719,-0.04624607763212807,0.002138699696356816,0.04624607763212807,0.9012191312808625,1.3851334931982375,True,2114.0,1.0,0,29.602408409118652
AR(1),Beta_1_1_sampled,"N(0,10²)",HalfCauchy_beta5,sigma_collateral,0.8,0.7562254051985279,-0.043774594801472166,0.001916215150033074,0.043774594801472166,0.37378598456712253,1.144156091363149,True,2546.0,1.0,0,29.602408409118652
AR(1),Beta_1_1_sampled,"N(0,10²)",HalfCauchy_beta5,Z,,0.9471923591269772,,,,0.9400658083521477,0.9499546606988879,,2256.0,1.0,0,29.602408409118652
