Structure,ZPrior,MuPrior,SigmaPrior,Parameter,True,PosteriorMean,Bias,MSE,RMSE,Lower95CrI,Upper95CrI,Coverage,ESS_Bulk,Rhat,Divergences,ElapsedSeconds
AR(1),Beta_1_1_sampled,"N(0,10²)",HalfCauchy_beta2p5,mu_omega,0.5,0.4316156001259463,-0.0683843998740537,0.004676426146134476,0.0683843998740537,0.20502620998283297,0.6531738256643408,True,3690.0,1.0,0,30.488632678985596
AR(1),Beta_1_1_sampled,"N(0,10²)",HalfCauchy_beta2p5,sigma_omega,1.0,1.0842618424533474,0.08426184245334745,0.007100058093632746,0.08426184245334745,0.8468600996675326,1.337063124376794,True,2049.0,1.0,0,30.488632678985596
AR(1),Beta_1_1_sampled,"N(0,10²)",HalfCauchy_beta2p5,rho,0.85,0.8756807352659738,0.02568073526597381,0.0006595001638010308,0.02568073526597381,0.6916699067916222,0.9813043386964542,True,2789.0,1.0,0,30.488632678985596
AR(1),Beta_1_1_sampled,"N(0,10²)",HalfCauchy_beta2p5,sigma_direct,1.2,1.1585031381155666,-0.041496861884433356,0.0017219895462557379,0.041496861884433356,0.9134583113971629,1.3777230016343374,True,2176.0,1.0,0,30.488632678985596
AR(1),Beta_1_1_sampled,"N(0,10²)",HalfCauchy_beta2p5,sigma_collateral,0.8,0.7543946315903182,-0.04560536840968188,0.00207984962778281,0.04560536840968188,0.3819213998148802,1.1474120137825246,True,2072.0,1.0,0,30.488632678985596
AR(1),Beta_1_1_sampled,"N(0,10²)",HalfCauchy_beta2p5,Z,,0.9471901282095357,,,,0.9394398629015649,0.949925789540418,,2475.0,1.0,0,30.488632678985596
