Structure,ZPrior,MuPrior,SigmaPrior,Parameter,True,PosteriorMean,Bias,MSE,RMSE,Lower95CrI,Upper95CrI,Coverage,ESS_Bulk,Rhat,Divergences,ElapsedSeconds
AR(1),Beta_2_2_sampled,"N(0,10²)",HalfCauchy_beta1,mu_omega,0.5,0.436753126961705,-0.06324687303829502,0.004000166949122209,0.06324687303829502,0.20354907575556952,0.6669421100308816,True,3036.0,1.0,0,74.37267994880676
AR(1),Beta_2_2_sampled,"N(0,10²)",HalfCauchy_beta1,sigma_omega,1.0,1.075645692319547,0.07564569231954699,0.00572227076650357,0.07564569231954699,0.8326432273248088,1.3336923118728214,True,1971.0,1.0,0,74.37267994880676
AR(1),Beta_2_2_sampled,"N(0,10²)",HalfCauchy_beta1,rho,0.85,0.8774395284532706,0.02743952845327058,0.0007529277217378456,0.02743952845327058,0.7061575144188662,0.9832514926616861,True,2349.0,1.0,0,74.37267994880676
AR(1),Beta_2_2_sampled,"N(0,10²)",HalfCauchy_beta1,sigma_direct,1.2,1.1641952368932138,-0.03580476310678615,0.0012819810611330747,0.03580476310678615,0.9227223912953267,1.3973428801355174,True,2110.0,1.0,0,74.37267994880676
AR(1),Beta_2_2_sampled,"N(0,10²)",HalfCauchy_beta1,sigma_collateral,0.8,0.7606784939167378,-0.039321506083262237,0.001546180840656029,0.039321506083262237,0.3771078023152099,1.139036466957629,True,2041.0,1.0,0,74.37267994880676
AR(1),Beta_2_2_sampled,"N(0,10²)",HalfCauchy_beta1,Z,,0.9444999741627146,,,,0.9346258403662816,0.9493941289299108,,3050.0,1.0,0,74.37267994880676
