Structure,ZPrior,MuPrior,SigmaPrior,Parameter,True,PosteriorMean,Bias,MSE,RMSE,Lower95CrI,Upper95CrI,Coverage,ESS_Bulk,Rhat,Divergences,ElapsedSeconds
AR(1),Beta_2_2_sampled,"N(0,2²)",HalfCauchy_beta5,mu_omega,0.5,0.43140666605010003,-0.06859333394989997,0.0047050454623624996,0.06859333394989997,0.20185415888831204,0.6713240072032199,True,3582.0,1.0,0,72.22706580162048
AR(1),Beta_2_2_sampled,"N(0,2²)",HalfCauchy_beta5,sigma_omega,1.0,1.0968950442169443,0.09689504421694428,0.009388649593803587,0.09689504421694428,0.8607295998536325,1.3551117478117496,True,2371.0,1.0,0,72.22706580162048
AR(1),Beta_2_2_sampled,"N(0,2²)",HalfCauchy_beta5,rho,0.85,0.8722787092505558,0.02227870925055586,0.0004963408858708033,0.02227870925055586,0.6968310722484923,0.9828881019099834,True,2743.0,1.0,0,72.22706580162048
AR(1),Beta_2_2_sampled,"N(0,2²)",HalfCauchy_beta5,sigma_direct,1.2,1.1482336458892888,-0.05176635411071118,0.002679755417915544,0.05176635411071118,0.8898486136301926,1.3752831538659447,True,2668.0,1.0,0,72.22706580162048
AR(1),Beta_2_2_sampled,"N(0,2²)",HalfCauchy_beta5,sigma_collateral,0.8,0.750835396579434,-0.049164603420566055,0.0024171582295015354,0.049164603420566055,0.35927343492427294,1.1260577465229986,True,2913.0,1.0,0,72.22706580162048
AR(1),Beta_2_2_sampled,"N(0,2²)",HalfCauchy_beta5,Z,,0.9444685113582479,,,,0.9340082815521985,0.9493186423354,,2811.0,1.0,0,72.22706580162048
