Structure,ZPrior,MuPrior,SigmaPrior,Parameter,True,PosteriorMean,Bias,MSE,RMSE,Lower95CrI,Upper95CrI,Coverage,ESS_Bulk,Rhat,Divergences,ElapsedSeconds
AR(1),Beta_1_1_sampled,"N(0,2²)",HalfCauchy_beta5,mu_omega,0.5,0.43250126270583145,-0.06749873729416855,0.004556079536307181,0.06749873729416855,0.18943845446668306,0.6702070771498723,True,3443.0,1.0,0,28.811687469482422
AR(1),Beta_1_1_sampled,"N(0,2²)",HalfCauchy_beta5,sigma_omega,1.0,1.0922321724123139,0.09223217241231385,0.008506773627894789,0.09223217241231385,0.8440650650648176,1.3628386387208307,True,1851.0,1.0,0,28.811687469482422
AR(1),Beta_1_1_sampled,"N(0,2²)",HalfCauchy_beta5,rho,0.85,0.8726242539760243,0.0226242539760243,0.0005118568679716514,0.0226242539760243,0.6888391484402019,0.9807693980647227,True,2317.0,1.0,0,28.811687469482422
AR(1),Beta_1_1_sampled,"N(0,2²)",HalfCauchy_beta5,sigma_direct,1.2,1.1516505822337395,-0.04834941776626045,0.0023376661983363816,0.04834941776626045,0.8911598111679396,1.3866241870786307,True,2161.0,1.0,0,28.811687469482422
AR(1),Beta_1_1_sampled,"N(0,2²)",HalfCauchy_beta5,sigma_collateral,0.8,0.7553160801318699,-0.04468391986813014,0.0019966526947814756,0.04468391986813014,0.3603581746448968,1.1377028948756152,True,2607.0,1.0,0,28.811687469482422
AR(1),Beta_1_1_sampled,"N(0,2²)",HalfCauchy_beta5,Z,,0.9472489991762664,,,,0.9396134591695888,0.9499336893010645,,2450.0,1.0,0,28.811687469482422
