Structure,ZPrior,MuPrior,SigmaPrior,Parameter,True,PosteriorMean,Bias,MSE,RMSE,Lower95CrI,Upper95CrI,Coverage,ESS_Bulk,Rhat,Divergences,ElapsedSeconds
AR(1),Beta_2_2_sampled,"N(0,10²)",HalfCauchy_beta5,mu_omega,0.5,0.42717096387547643,-0.07282903612452357,0.00530406850282716,0.07282903612452357,0.1849582336108388,0.6652275216871542,True,3297.0,1.0,0,72.39225792884827
AR(1),Beta_2_2_sampled,"N(0,10²)",HalfCauchy_beta5,sigma_omega,1.0,1.08691208761976,0.08691208761975999,0.0075537109744248385,0.08691208761975999,0.8447211333443527,1.3443581787176653,True,2014.0,1.0,0,72.39225792884827
AR(1),Beta_2_2_sampled,"N(0,10²)",HalfCauchy_beta5,rho,0.85,0.8749283403703353,0.02492834037033531,0.0006214221536192892,0.02492834037033531,0.7041408536456125,0.9798189326235343,True,2532.0,1.0,0,72.39225792884827
AR(1),Beta_2_2_sampled,"N(0,10²)",HalfCauchy_beta5,sigma_direct,1.2,1.1582929037663456,-0.04170709623365432,0.001739481876243302,0.04170709623365432,0.9129171512195904,1.3850975707948652,True,2164.0,1.0,0,72.39225792884827
AR(1),Beta_2_2_sampled,"N(0,10²)",HalfCauchy_beta5,sigma_collateral,0.8,0.7664267078776809,-0.03357329212231919,0.0011271659439305796,0.03357329212231919,0.392416900115109,1.1550536684401882,True,3238.0,1.0,0,72.39225792884827
AR(1),Beta_2_2_sampled,"N(0,10²)",HalfCauchy_beta5,Z,,0.9445044110682873,,,,0.9347158626603467,0.949359771938796,,3139.0,1.0,0,72.39225792884827
