Structure,ZPrior,MuPrior,SigmaPrior,Parameter,True,PosteriorMean,Bias,MSE,RMSE,Lower95CrI,Upper95CrI,Coverage,ESS_Bulk,Rhat,Divergences,ElapsedSeconds
AR(1),Beta_1_1_sampled,"N(0,5²)",HalfCauchy_beta5,mu_omega,0.5,0.4312255237548477,-0.06877447624515232,0.00472992858279502,0.06877447624515232,0.19396508711618957,0.674192209673748,True,2854.0,1.0,0,29.24688458442688
AR(1),Beta_1_1_sampled,"N(0,5²)",HalfCauchy_beta5,sigma_omega,1.0,1.0888067788872535,0.08880677888725352,0.007886643976329539,0.08880677888725352,0.8419785072837891,1.3583423754981143,True,2178.0,1.0,0,29.24688458442688
AR(1),Beta_1_1_sampled,"N(0,5²)",HalfCauchy_beta5,rho,0.85,0.8758999092223123,0.025899909222312334,0.0006708052977240195,0.025899909222312334,0.6999025875283662,0.9840126389847952,True,2130.0,1.0,0,29.24688458442688
AR(1),Beta_1_1_sampled,"N(0,5²)",HalfCauchy_beta5,sigma_direct,1.2,1.15477258540192,-0.045227414598079996,0.0020455190312266194,0.045227414598079996,0.8979633969130802,1.3908717580124457,True,2409.0,1.0,0,29.24688458442688
AR(1),Beta_1_1_sampled,"N(0,5²)",HalfCauchy_beta5,sigma_collateral,0.8,0.7622640202459832,-0.03773597975401688,0.0014240041679955719,0.03773597975401688,0.38685973425606546,1.1565620592910697,True,3161.0,1.0,0,29.24688458442688
AR(1),Beta_1_1_sampled,"N(0,5²)",HalfCauchy_beta5,Z,,0.9472027199562947,,,,0.9395043604954868,0.9499335494796253,,2555.0,1.0,0,29.24688458442688
