Structure,ZPrior,MuPrior,SigmaPrior,Parameter,True,PosteriorMean,Bias,MSE,RMSE,Lower95CrI,Upper95CrI,Coverage,ESS_Bulk,Rhat,Divergences,ElapsedSeconds
AR(1),Beta_2_2_sampled,"N(0,5²)",HalfCauchy_beta5,mu_omega,0.5,0.4326896016917722,-0.06731039830822783,0.004530689720412279,0.06731039830822783,0.19504345087047367,0.6651017614727415,True,3181.0,1.0,0,71.91147017478943
AR(1),Beta_2_2_sampled,"N(0,5²)",HalfCauchy_beta5,sigma_omega,1.0,1.0889176581284055,0.08891765812840546,0.00790634992703999,0.08891765812840546,0.8441082736003626,1.352420459181305,True,1915.0,1.0,0,71.91147017478943
AR(1),Beta_2_2_sampled,"N(0,5²)",HalfCauchy_beta5,rho,0.85,0.8769163857713075,0.026916385771307505,0.0007244918229898451,0.026916385771307505,0.6991484668032721,0.9837239119379726,True,2338.0,1.0,0,71.91147017478943
AR(1),Beta_2_2_sampled,"N(0,5²)",HalfCauchy_beta5,sigma_direct,1.2,1.153506174664913,-0.04649382533508706,0.0021616757942895834,0.04649382533508706,0.8908978409209147,1.3853665410715221,True,1843.0,1.0,0,71.91147017478943
AR(1),Beta_2_2_sampled,"N(0,5²)",HalfCauchy_beta5,sigma_collateral,0.8,0.7628472943716991,-0.037152705628300975,0.0013803235355031869,0.037152705628300975,0.38270357090346246,1.1399071071078364,True,2793.0,1.0,0,71.91147017478943
AR(1),Beta_2_2_sampled,"N(0,5²)",HalfCauchy_beta5,Z,,0.9444679640386847,,,,0.9351600012453326,0.9493799119143099,,2807.0,1.0,0,71.91147017478943
