Structure,ZPrior,MuPrior,SigmaPrior,Parameter,True,PosteriorMean,Bias,MSE,RMSE,Lower95CrI,Upper95CrI,Coverage,ESS_Bulk,Rhat,Divergences,ElapsedSeconds
AR(1),Beta_1_1_sampled,"N(0,5²)",HalfCauchy_beta2p5,mu_omega,0.5,0.4317213203975742,-0.06827867960242578,0.004661978088250715,0.06827867960242578,0.19907790056292235,0.6662880137106099,True,3323.0,1.0,0,29.975416898727417
AR(1),Beta_1_1_sampled,"N(0,5²)",HalfCauchy_beta2p5,sigma_omega,1.0,1.0906344997188777,0.09063449971887771,0.008214612539291245,0.09063449971887771,0.8512550968326867,1.3427178669849638,True,2243.0,1.0,0,29.975416898727417
AR(1),Beta_1_1_sampled,"N(0,5²)",HalfCauchy_beta2p5,rho,0.85,0.873616598377944,0.023616598377944054,0.0005577437189451097,0.023616598377944054,0.6978413411075295,0.9799875703213987,True,2651.0,1.0,0,29.975416898727417
AR(1),Beta_1_1_sampled,"N(0,5²)",HalfCauchy_beta2p5,sigma_direct,1.2,1.155308806588767,-0.044691193411233066,0.0019973027685202416,0.044691193411233066,0.9179294643308427,1.3825143805009132,True,2397.0,1.0,0,29.975416898727417
AR(1),Beta_1_1_sampled,"N(0,5²)",HalfCauchy_beta2p5,sigma_collateral,0.8,0.7593920683594352,-0.040607931640564865,0.001649004112124789,0.040607931640564865,0.38475561360058785,1.1542512335446644,True,2516.0,1.0,0,29.975416898727417
AR(1),Beta_1_1_sampled,"N(0,5²)",HalfCauchy_beta2p5,Z,,0.9472912258158975,,,,0.9398999810339327,0.949932719326849,,2323.0,1.0,0,29.975416898727417
