Structure,ZPrior,MuPrior,SigmaPrior,Parameter,True,PosteriorMean,Bias,MSE,RMSE,Lower95CrI,Upper95CrI,Coverage,ESS_Bulk,Rhat,Divergences,ElapsedSeconds
AR(1),Beta_2_2_sampled,"N(0,10²)",HalfCauchy_beta2p5,mu_omega,0.5,0.4294744750134112,-0.07052552498658882,0.004973849674633964,0.07052552498658882,0.19067069936424882,0.660604335565797,True,3069.0,1.0,0,72.93581581115723
AR(1),Beta_2_2_sampled,"N(0,10²)",HalfCauchy_beta2p5,sigma_omega,1.0,1.086814656134095,0.086814656134095,0.007536784519681159,0.086814656134095,0.8414775179029821,1.3546503427287109,True,2193.0,1.0,0,72.93581581115723
AR(1),Beta_2_2_sampled,"N(0,10²)",HalfCauchy_beta2p5,rho,0.85,0.875363682512928,0.025363682512927976,0.0006433163906166084,0.025363682512927976,0.7023526073380565,0.9814672295672072,True,2029.0,1.0,0,72.93581581115723
AR(1),Beta_2_2_sampled,"N(0,10²)",HalfCauchy_beta2p5,sigma_direct,1.2,1.1548579279774378,-0.04514207202256215,0.0020378066664901886,0.04514207202256215,0.8947861149649918,1.387280046638107,True,2358.0,1.0,0,72.93581581115723
AR(1),Beta_2_2_sampled,"N(0,10²)",HalfCauchy_beta2p5,sigma_collateral,0.8,0.7605306058721919,-0.039469394127808144,0.001557833072816256,0.039469394127808144,0.38328276664280253,1.1158918810094307,True,2654.0,1.0,0,72.93581581115723
AR(1),Beta_2_2_sampled,"N(0,10²)",HalfCauchy_beta2p5,Z,,0.9444606270696945,,,,0.9347820156399005,0.9493802827891972,,3004.0,1.0,0,72.93581581115723
