Structure,ZPrior,MuPrior,SigmaPrior,Parameter,True,PosteriorMean,Bias,MSE,RMSE,Lower95CrI,Upper95CrI,Coverage,ESS_Bulk,Rhat,Divergences,ElapsedSeconds
AR(1),Beta_2_2_sampled,"N(0,5²)",HalfCauchy_beta1,mu_omega,0.5,0.4356260160590192,-0.06437398394098082,0.004144009808433656,0.06437398394098082,0.20840414895656892,0.6681464022821315,True,3143.0,1.0,0,72.87803435325623
AR(1),Beta_2_2_sampled,"N(0,5²)",HalfCauchy_beta1,sigma_omega,1.0,1.0761584561761093,0.07615845617610928,0.005800110447128358,0.07615845617610928,0.8340946462084297,1.3386663066885003,True,1945.0,1.01,0,72.87803435325623
AR(1),Beta_2_2_sampled,"N(0,5²)",HalfCauchy_beta1,rho,0.85,0.8779969894519527,0.027996989451952725,0.0007838314183727522,0.027996989451952725,0.709423313497978,0.9844083498093539,True,2118.0,1.0,0,72.87803435325623
AR(1),Beta_2_2_sampled,"N(0,5²)",HalfCauchy_beta1,sigma_direct,1.2,1.1639584589342127,-0.036041541065787275,0.0012989926823968306,0.036041541065787275,0.9187060376193823,1.3965003364309052,True,2080.0,1.01,0,72.87803435325623
AR(1),Beta_2_2_sampled,"N(0,5²)",HalfCauchy_beta1,sigma_collateral,0.8,0.7626723238527254,-0.03732767614727461,0.0013933554065558142,0.03732767614727461,0.38215805887254134,1.1364465941460284,True,2115.0,1.0,0,72.87803435325623
AR(1),Beta_2_2_sampled,"N(0,5²)",HalfCauchy_beta1,Z,,0.9444062476350638,,,,0.934523072167627,0.9493807172620474,,3003.0,1.0,0,72.87803435325623
