Structure,ZPrior,MuPrior,SigmaPrior,Parameter,True,PosteriorMean,Bias,MSE,RMSE,Lower95CrI,Upper95CrI,Coverage,ESS_Bulk,Rhat,Divergences,ElapsedSeconds
AR(1),Beta_2_2_sampled,"N(0,2²)",HalfCauchy_beta2p5,mu_omega,0.5,0.4299390106567131,-0.07006098934328692,0.004908542227760163,0.07006098934328692,0.20418002699886495,0.6647829487840674,True,3103.0,1.0,0,72.33423447608948
AR(1),Beta_2_2_sampled,"N(0,2²)",HalfCauchy_beta2p5,sigma_omega,1.0,1.0872680062953046,0.08726800629530462,0.007615704922757327,0.08726800629530462,0.8444385344319778,1.345358008024139,True,2139.0,1.0,0,72.33423447608948
AR(1),Beta_2_2_sampled,"N(0,2²)",HalfCauchy_beta2p5,rho,0.85,0.8752242052454589,0.025224205245458875,0.000636260530265035,0.025224205245458875,0.7008887335989514,0.983341551145329,True,2572.0,1.0,0,72.33423447608948
AR(1),Beta_2_2_sampled,"N(0,2²)",HalfCauchy_beta2p5,sigma_direct,1.2,1.1574609853484437,-0.042539014651556295,0.001809567767525321,0.042539014651556295,0.8992793661708283,1.3883157186586146,True,2455.0,1.0,0,72.33423447608948
AR(1),Beta_2_2_sampled,"N(0,2²)",HalfCauchy_beta2p5,sigma_collateral,0.8,0.7604137036472975,-0.0395862963527025,0.0015670748589239872,0.0395862963527025,0.36853542644029486,1.1525182693469613,True,2832.0,1.0,0,72.33423447608948
AR(1),Beta_2_2_sampled,"N(0,2²)",HalfCauchy_beta2p5,Z,,0.9445263451830074,,,,0.9344904813230703,0.9493664592369668,,2918.0,1.0,0,72.33423447608948
