Structure,ZPrior,MuPrior,SigmaPrior,Parameter,True,PosteriorMean,Bias,MSE,RMSE,Lower95CrI,Upper95CrI,Coverage,ESS_Bulk,Rhat,Divergences,ElapsedSeconds
AR(1),Beta_2_2_sampled,"N(0,10²)",HalfNormal_sigma2,mu_omega,0.5,0.4295656011518528,-0.07043439884814717,0.004961004541099876,0.07043439884814717,0.1895785173893827,0.6688025468066758,True,3216.0,1.0,0,72.1777195930481
AR(1),Beta_2_2_sampled,"N(0,10²)",HalfNormal_sigma2,sigma_omega,1.0,1.0894995462082038,0.08949954620820377,0.008010168771474402,0.08949954620820377,0.8393204503099108,1.3643451796029717,True,1978.0,1.0,0,72.1777195930481
AR(1),Beta_2_2_sampled,"N(0,10²)",HalfNormal_sigma2,rho,0.85,0.8747002945779148,0.024700294577914783,0.0006101045522357664,0.024700294577914783,0.6922198015826819,0.9819620420390964,True,2172.0,1.0,0,72.1777195930481
AR(1),Beta_2_2_sampled,"N(0,10²)",HalfNormal_sigma2,sigma_direct,1.2,1.1533563301934122,-0.04664366980658774,0.002175631933025985,0.04664366980658774,0.8847955432652694,1.3785666277919224,True,2039.0,1.0,0,72.1777195930481
AR(1),Beta_2_2_sampled,"N(0,10²)",HalfNormal_sigma2,sigma_collateral,0.8,0.762836191071589,-0.03716380892841109,0.0013811486940674478,0.03716380892841109,0.3776233527344995,1.1279862328729766,True,2981.0,1.0,0,72.1777195930481
AR(1),Beta_2_2_sampled,"N(0,10²)",HalfNormal_sigma2,Z,,0.944458587888166,,,,0.9341349701478272,0.9494174902598417,,2802.0,1.0,0,72.1777195930481
