Structure,ZPrior,MuPrior,SigmaPrior,Parameter,True,PosteriorMean,Bias,MSE,RMSE,Lower95CrI,Upper95CrI,Coverage,ESS_Bulk,Rhat,Divergences,ElapsedSeconds
AR(1),Beta_1_1_sampled,"N(0,2²)",HalfNormal_sigma2,mu_omega,0.5,0.4280792338903657,-0.07192076610963433,0.005172596597796725,0.07192076610963433,0.19162892462791947,0.6619323097553818,True,3279.0,1.0,0,29.357280254364014
AR(1),Beta_1_1_sampled,"N(0,2²)",HalfNormal_sigma2,sigma_omega,1.0,1.0843998221557112,0.08439982215571118,0.007123329979915676,0.08439982215571118,0.8472577594328402,1.3466587671851922,True,2069.0,1.0,0,29.357280254364014
AR(1),Beta_1_1_sampled,"N(0,2²)",HalfNormal_sigma2,rho,0.85,0.8774411830474133,0.027441183047413276,0.0007530185270416417,0.027441183047413276,0.6966035774467891,0.9814518704643853,True,2698.0,1.0,0,29.357280254364014
AR(1),Beta_1_1_sampled,"N(0,2²)",HalfNormal_sigma2,sigma_direct,1.2,1.1610525971495405,-0.0389474028504595,0.0015169001887959809,0.0389474028504595,0.9144925771709693,1.3889549470210907,True,2170.0,1.0,0,29.357280254364014
AR(1),Beta_1_1_sampled,"N(0,2²)",HalfNormal_sigma2,sigma_collateral,0.8,0.7666866494283837,-0.03331335057161633,0.00110977932630741,0.03331335057161633,0.3862003721067298,1.1408150419353098,True,2282.0,1.0,0,29.357280254364014
AR(1),Beta_1_1_sampled,"N(0,2²)",HalfNormal_sigma2,Z,,0.9472004064259344,,,,0.9396574977854723,0.949925856787399,,2640.0,1.0,0,29.357280254364014
