Structure,ZPrior,MuPrior,SigmaPrior,Parameter,True,PosteriorMean,Bias,MSE,RMSE,Lower95CrI,Upper95CrI,Coverage,ESS_Bulk,Rhat,Divergences,ElapsedSeconds
AR(1),Beta_1_1_sampled,"N(0,10²)",HalfNormal_sigma2,mu_omega,0.5,0.42783904341428375,-0.07216095658571625,0.005207203655365626,0.07216095658571625,0.19967821800471813,0.6538806021621418,True,3692.0,1.0,0,29.51587963104248
AR(1),Beta_1_1_sampled,"N(0,10²)",HalfNormal_sigma2,sigma_omega,1.0,1.090640782590564,0.09064078259056396,0.008215751468629883,0.09064078259056396,0.8351819018029295,1.3578424692352007,True,2156.0,1.0,0,29.51587963104248
AR(1),Beta_1_1_sampled,"N(0,10²)",HalfNormal_sigma2,rho,0.85,0.8749628846873063,0.02496288468730634,0.0006231456119117534,0.02496288468730634,0.7008682483440863,0.9824603229100328,True,2210.0,1.0,0,29.51587963104248
AR(1),Beta_1_1_sampled,"N(0,10²)",HalfNormal_sigma2,sigma_direct,1.2,1.1525872679968254,-0.04741273200317453,0.00224796715600485,0.04741273200317453,0.8975150504189933,1.3964562361840032,True,2349.0,1.0,0,29.51587963104248
AR(1),Beta_1_1_sampled,"N(0,10²)",HalfNormal_sigma2,sigma_collateral,0.8,0.7565254415455028,-0.043474558454497214,0.0018900372328134953,0.043474558454497214,0.35845259575080657,1.1415435006397812,True,2925.0,1.0,0,29.51587963104248
AR(1),Beta_1_1_sampled,"N(0,10²)",HalfNormal_sigma2,Z,,0.9472035497420646,,,,0.9395500566002062,0.9499437893092335,,2365.0,1.0,0,29.51587963104248
