Structure,ZPrior,MuPrior,SigmaPrior,Parameter,True,PosteriorMean,Bias,MSE,RMSE,Lower95CrI,Upper95CrI,Coverage,ESS_Bulk,Rhat,Divergences,ElapsedSeconds
AR(1),Beta_1_1_sampled,"N(0,2²)",HalfCauchy_beta1,mu_omega,0.5,0.42990747142414043,-0.07009252857585957,0.00491296256215769,0.07009252857585957,0.1956935958541682,0.6718672821373415,True,3310.0,1.0,0,27.997833967208862
AR(1),Beta_1_1_sampled,"N(0,2²)",HalfCauchy_beta1,sigma_omega,1.0,1.079718311205028,0.07971831120502793,0.006355009141381681,0.07971831120502793,0.8298852823361181,1.3385843689826964,True,2192.0,1.0,0,27.997833967208862
AR(1),Beta_1_1_sampled,"N(0,2²)",HalfCauchy_beta1,rho,0.85,0.8753886975215516,0.025388697521551595,0.0006445859618408401,0.025388697521551595,0.6949057340246316,0.9837436275790541,True,2563.0,1.0,0,27.997833967208862
AR(1),Beta_1_1_sampled,"N(0,2²)",HalfCauchy_beta1,sigma_direct,1.2,1.1615795998985863,-0.038420400101413676,0.001476127143952708,0.038420400101413676,0.9141130969249642,1.3894245537030876,True,2489.0,1.0,0,27.997833967208862
AR(1),Beta_1_1_sampled,"N(0,2²)",HalfCauchy_beta1,sigma_collateral,0.8,0.7538554837668828,-0.046144516233117217,0.0021293163783884183,0.046144516233117217,0.3450409353475012,1.1481332950239775,True,1716.0,1.0,0,27.997833967208862
AR(1),Beta_1_1_sampled,"N(0,2²)",HalfCauchy_beta1,Z,,0.9472614768939989,,,,0.939630034346784,0.9499399089069026,,2610.0,1.0,0,27.997833967208862
