Structure,ZPrior,MuPrior,SigmaPrior,Parameter,True,PosteriorMean,Bias,MSE,RMSE,Lower95CrI,Upper95CrI,Coverage,ESS_Bulk,Rhat,Divergences,ElapsedSeconds
AR(1),Beta_1_1_sampled,"N(0,10²)",HalfCauchy_beta1,mu_omega,0.5,0.43254320541995345,-0.06745679458004655,0.004550419135014598,0.06745679458004655,0.19511697854351728,0.6784362160111782,True,3571.0,1.0,0,29.577301263809204
AR(1),Beta_1_1_sampled,"N(0,10²)",HalfCauchy_beta1,sigma_omega,1.0,1.080757296374829,0.08075729637482909,0.006521740917771984,0.08075729637482909,0.8387658178158297,1.3422896809285354,True,2236.0,1.0,0,29.577301263809204
AR(1),Beta_1_1_sampled,"N(0,10²)",HalfCauchy_beta1,rho,0.85,0.8755849556733197,0.025584955673319754,0.0006545899568057367,0.025584955673319754,0.7037420455014426,0.9801767088882575,True,2941.0,1.0,0,29.577301263809204
AR(1),Beta_1_1_sampled,"N(0,10²)",HalfCauchy_beta1,sigma_direct,1.2,1.1589679873564331,-0.04103201264356682,0.0016836260615818272,0.04103201264356682,0.9100187768864902,1.3855124722487075,True,2378.0,1.0,0,29.577301263809204
AR(1),Beta_1_1_sampled,"N(0,10²)",HalfCauchy_beta1,sigma_collateral,0.8,0.758056743393829,-0.04194325660617104,0.0017592367747311108,0.04194325660617104,0.39032862826061016,1.1175228668736898,True,3163.0,1.0,0,29.577301263809204
AR(1),Beta_1_1_sampled,"N(0,10²)",HalfCauchy_beta1,Z,,0.9473424534694634,,,,0.9400172332816598,0.9499472529314188,,2062.0,1.0,0,29.577301263809204
