Structure,ZPrior,MuPrior,SigmaPrior,Parameter,True,PosteriorMean,Bias,MSE,RMSE,Lower95CrI,Upper95CrI,Coverage,ESS_Bulk,Rhat,Divergences,ElapsedSeconds
AR(1),Beta_1_1_sampled,"N(0,5²)",HalfNormal_sigma2,mu_omega,0.5,0.4322615528459206,-0.0677384471540794,0.004588497222846007,0.0677384471540794,0.19593101955062261,0.6635391228252042,True,3722.0,1.0,0,29.98765778541565
AR(1),Beta_1_1_sampled,"N(0,5²)",HalfNormal_sigma2,sigma_omega,1.0,1.08711067906154,0.08711067906153991,0.007588270406562608,0.08711067906153991,0.8410427236337717,1.3538167285773928,True,1969.0,1.0,0,29.98765778541565
AR(1),Beta_1_1_sampled,"N(0,5²)",HalfNormal_sigma2,rho,0.85,0.8767051209037734,0.026705120903773416,0.0007131634824851558,0.026705120903773416,0.6967271592356793,0.9833708732949211,True,2544.0,1.0,0,29.98765778541565
AR(1),Beta_1_1_sampled,"N(0,5²)",HalfNormal_sigma2,sigma_direct,1.2,1.1566250797043676,-0.04337492029563239,0.0018813837106524628,0.04337492029563239,0.905176148578045,1.3893745953717398,True,2109.0,1.0,0,29.98765778541565
AR(1),Beta_1_1_sampled,"N(0,5²)",HalfNormal_sigma2,sigma_collateral,0.8,0.7612564209393915,-0.038743579060608546,0.001501064918425625,0.038743579060608546,0.3791334727661064,1.1329418087459362,True,2618.0,1.0,0,29.98765778541565
AR(1),Beta_1_1_sampled,"N(0,5²)",HalfNormal_sigma2,Z,,0.9471747961844726,,,,0.9397760699503138,0.9499316111033081,,2608.0,1.0,0,29.98765778541565
