Structure,ZPrior,MuPrior,SigmaPrior,Parameter,True,PosteriorMean,Bias,MSE,RMSE,Lower95CrI,Upper95CrI,Coverage,ESS_Bulk,Rhat,Divergences,ElapsedSeconds
AR(1),Beta_2_2_sampled,"N(0,5²)",HalfCauchy_beta2p5,mu_omega,0.5,0.4307856477709,-0.0692143522291,0.00479062655449392,0.0692143522291,0.18738439026821194,0.6693705526490713,True,3441.0,1.0,0,72.4608325958252
AR(1),Beta_2_2_sampled,"N(0,5²)",HalfCauchy_beta2p5,sigma_omega,1.0,1.090658725231788,0.09065872523178808,0.00821900446065285,0.09065872523178808,0.8505005224025912,1.3685817509955405,True,2089.0,1.0,0,72.4608325958252
AR(1),Beta_2_2_sampled,"N(0,5²)",HalfCauchy_beta2p5,rho,0.85,0.8750800692027441,0.025080069202744082,0.0006290098712144321,0.025080069202744082,0.6916554219795726,0.9825209528320242,True,2482.0,1.0,0,72.4608325958252
AR(1),Beta_2_2_sampled,"N(0,5²)",HalfCauchy_beta2p5,sigma_direct,1.2,1.1513466657083682,-0.04865333429163177,0.0023671469376932716,0.04865333429163177,0.8919836210044922,1.3817876122238493,True,2318.0,1.0,0,72.4608325958252
AR(1),Beta_2_2_sampled,"N(0,5²)",HalfCauchy_beta2p5,sigma_collateral,0.8,0.7616121909231386,-0.03838780907686146,0.001473623885721567,0.03838780907686146,0.3849017751668503,1.1304471162808976,True,2958.0,1.0,0,72.4608325958252
AR(1),Beta_2_2_sampled,"N(0,5²)",HalfCauchy_beta2p5,Z,,0.9445119943016155,,,,0.9348077966938659,0.9493312538602912,,2610.0,1.0,0,72.4608325958252
