Structure,ZPrior,MuPrior,SigmaPrior,Parameter,True,PosteriorMean,Bias,MSE,RMSE,Lower95CrI,Upper95CrI,Coverage,ESS_Bulk,Rhat,Divergences,ElapsedSeconds
AR(1),Beta_2_2_sampled,"N(0,2²)",HalfCauchy_beta1,mu_omega,0.5,0.43084489854897173,-0.06915510145102827,0.004782428056702012,0.06915510145102827,0.19298232844090882,0.6586768524117461,True,3468.0,1.0,0,29.67418646812439
AR(1),Beta_2_2_sampled,"N(0,2²)",HalfCauchy_beta1,sigma_omega,1.0,1.0762352645710493,0.07623526457104934,0.005811815564217891,0.07623526457104934,0.8287324829877007,1.3360268887763977,True,2396.0,1.0,0,29.67418646812439
AR(1),Beta_2_2_sampled,"N(0,2²)",HalfCauchy_beta1,rho,0.85,0.8785911977594592,0.028591197759459175,0.0008174565893205034,0.028591197759459175,0.7014285433460216,0.9825439351392415,True,2431.0,1.0,0,29.67418646812439
AR(1),Beta_2_2_sampled,"N(0,2²)",HalfCauchy_beta1,sigma_direct,1.2,1.163491752302347,-0.03650824769765304,0.0013328521499531886,0.03650824769765304,0.9164610414204845,1.3989313273784687,True,2412.0,1.0,0,29.67418646812439
AR(1),Beta_2_2_sampled,"N(0,2²)",HalfCauchy_beta1,sigma_collateral,0.8,0.7655464983645582,-0.03445350163544181,0.0011870437749433914,0.03445350163544181,0.40626451581957596,1.12588752018682,True,2971.0,1.0,0,29.67418646812439
AR(1),Beta_2_2_sampled,"N(0,2²)",HalfCauchy_beta1,Z,,0.9444856216440299,,,,0.9340769981874306,0.9493776291193752,,3127.0,1.0,0,29.67418646812439
