Structure,ZPrior,MuPrior,SigmaPrior,Parameter,True,PosteriorMean,Bias,MSE,RMSE,Lower95CrI,Upper95CrI,Coverage,ESS_Bulk,Rhat,Divergences,ElapsedSeconds
AR(1),Beta_1_1_sampled,"N(0,2²)",HalfCauchy_beta2p5,mu_omega,0.5,0.4319897981089606,-0.0680102018910394,0.0046253875612599395,0.0680102018910394,0.19984341952981613,0.671520747045674,True,3342.0,1.0,0,28.068318128585815
AR(1),Beta_1_1_sampled,"N(0,2²)",HalfCauchy_beta2p5,sigma_omega,1.0,1.0854861286480326,0.08548612864803262,0.007307878191227983,0.08548612864803262,0.8377356092256432,1.34692513271025,True,1784.0,1.0,0,28.068318128585815
AR(1),Beta_1_1_sampled,"N(0,2²)",HalfCauchy_beta2p5,rho,0.85,0.8769682462170234,0.02696824621702343,0.0007272863040219985,0.02696824621702343,0.6977471793437934,0.982516494880262,True,2117.0,1.0,0,28.068318128585815
AR(1),Beta_1_1_sampled,"N(0,2²)",HalfCauchy_beta2p5,sigma_direct,1.2,1.155950558828591,-0.044049441171408965,0.0019403532675134193,0.044049441171408965,0.8954257988702173,1.3808755660744307,True,2011.0,1.0,0,28.068318128585815
AR(1),Beta_1_1_sampled,"N(0,2²)",HalfCauchy_beta2p5,sigma_collateral,0.8,0.7565583703350833,-0.043441629664916714,0.001887175187943772,0.043441629664916714,0.39353874631542807,1.13985914153852,True,3148.0,1.0,0,28.068318128585815
AR(1),Beta_1_1_sampled,"N(0,2²)",HalfCauchy_beta2p5,Z,,0.9471971461525865,,,,0.9397546157502553,0.9499207174562415,,2783.0,1.0,0,28.068318128585815
