Structure,ZPrior,MuPrior,SigmaPrior,Parameter,True,PosteriorMean,Bias,MSE,RMSE,Lower95CrI,Upper95CrI,Coverage,ESS_Bulk,Rhat,Divergences,ElapsedSeconds
AR(1),Beta_2_2_sampled,"N(0,2²)",HalfNormal_sigma2,mu_omega,0.5,0.4295659239186272,-0.07043407608137281,0.004960959073436614,0.07043407608137281,0.18756373504782045,0.6703250114043469,True,3425.0,1.0,0,73.75673031806946
AR(1),Beta_2_2_sampled,"N(0,2²)",HalfNormal_sigma2,sigma_omega,1.0,1.0887019991017763,0.08870199910177634,0.007868044644651531,0.08870199910177634,0.8528933443431672,1.3536334059868782,True,2063.0,1.0,0,73.75673031806946
AR(1),Beta_2_2_sampled,"N(0,2²)",HalfNormal_sigma2,rho,0.85,0.8744884952682294,0.024488495268229382,0.0005996864005020929,0.024488495268229382,0.7023553070879857,0.9820139462310183,True,2759.0,1.0,0,73.75673031806946
AR(1),Beta_2_2_sampled,"N(0,2²)",HalfNormal_sigma2,sigma_direct,1.2,1.1545030194895338,-0.045496980510466134,0.002069975235569735,0.045496980510466134,0.9098828366116041,1.387753372135042,True,2430.0,1.0,0,73.75673031806946
AR(1),Beta_2_2_sampled,"N(0,2²)",HalfNormal_sigma2,sigma_collateral,0.8,0.7554456619903313,-0.04455433800966879,0.001985089035479817,0.04455433800966879,0.3787794819654319,1.1317707700415254,True,2249.0,1.0,0,73.75673031806946
AR(1),Beta_2_2_sampled,"N(0,2²)",HalfNormal_sigma2,Z,,0.9445430680672291,,,,0.9346036683936283,0.9493104071629188,,2840.0,1.0,0,73.75673031806946
