Structure,ZPrior,MuPrior,SigmaPrior,Parameter,True,PosteriorMean,Bias,MSE,RMSE,Lower95CrI,Upper95CrI,Coverage,ESS_Bulk,Rhat,Divergences,ElapsedSeconds
Independent,Beta_1_1_constrained,"N(0,10²)",HalfCauchy_beta1,mu_omega,0.5,0.3103063738529346,-0.18969362614706542,0.03598367180082262,0.18969362614706542,0.11762856621236929,0.5043609283410736,True,2554.0,1.0,0,45.20394587516785
Independent,Beta_1_1_constrained,"N(0,10²)",HalfCauchy_beta1,sigma_omega,1.0,1.1974981987588063,0.19749819875880625,0.03900553851297294,0.19749819875880625,0.38303665105354356,1.604966816212193,True,616.0,1.01,0,45.20394587516785
Independent,Beta_1_1_constrained,"N(0,10²)",HalfCauchy_beta1,sigma_direct,1.2,1.2333183813185675,0.03331838131856757,0.0011101145336894723,0.03331838131856757,0.7450696381004692,1.6844192841233607,True,740.0,1.01,0,45.20394587516785
Independent,Beta_1_1_constrained,"N(0,10²)",HalfCauchy_beta1,sigma_collateral,0.8,0.8482445898425838,0.04824458984258373,0.002327540449079133,0.04824458984258373,0.3641579078107812,1.348559437314011,True,985.0,1.01,0,45.20394587516785
Independent,Beta_1_1_constrained,"N(0,10²)",HalfCauchy_beta1,Z,,0.9475743404230428,,,,0.9408846316072473,0.9499593589402391,,1848.0,1.0,0,45.20394587516785
