Structure,ZPrior,MuPrior,SigmaPrior,Parameter,True,PosteriorMean,Bias,MSE,RMSE,Lower95CrI,Upper95CrI,Coverage,ESS_Bulk,Rhat,Divergences,ElapsedSeconds
Independent,Beta_1_1_constrained,"N(0,2²)",HalfNormal_sigma2,mu_omega,0.5,0.3140277559065598,-0.1859722440934402,0.03458567557315011,0.1859722440934402,0.12062883175414157,0.5097225696350066,True,2964.0,1.0,0,36.41990828514099
Independent,Beta_1_1_constrained,"N(0,2²)",HalfNormal_sigma2,sigma_omega,1.0,1.234979359706795,0.23497935970679507,0.05521529948821539,0.23497935970679507,0.698086923659619,1.6099830400024533,True,1390.0,1.0,0,36.41990828514099
Independent,Beta_1_1_constrained,"N(0,2²)",HalfNormal_sigma2,sigma_direct,1.2,1.21749633143592,0.01749633143592,0.00030612161371556233,0.01749633143592,0.7703580742529391,1.6226159689940338,True,1508.0,1.0,0,36.41990828514099
Independent,Beta_1_1_constrained,"N(0,2²)",HalfNormal_sigma2,sigma_collateral,0.8,0.8348782403059659,0.03487824030596587,0.001216491646840702,0.03487824030596587,0.38682794679156124,1.2894180316211477,True,1889.0,1.0,0,36.41990828514099
Independent,Beta_1_1_constrained,"N(0,2²)",HalfNormal_sigma2,Z,,0.9474619937083334,,,,0.9405257562955471,0.9499439048312053,,2029.0,1.0,0,36.41990828514099
