Structure,ZPrior,MuPrior,SigmaPrior,Parameter,True,PosteriorMean,Bias,MSE,RMSE,Lower95CrI,Upper95CrI,Coverage,ESS_Bulk,Rhat,Divergences,ElapsedSeconds
Independent,Beta_1_1_constrained,"N(0,5²)",HalfCauchy_beta2p5,mu_omega,0.5,0.3157298650384688,-0.18427013496153122,0.03395548263874093,0.18427013496153122,0.12165598700151,0.51200320668194,True,2368.0,1.0,0,37.74464464187622
Independent,Beta_1_1_constrained,"N(0,5²)",HalfCauchy_beta2p5,sigma_omega,1.0,1.2469064117160442,0.24690641171604422,0.06096277614649274,0.24690641171604422,0.6691685813051724,1.6078375618290772,True,1063.0,1.01,0,37.74464464187622
Independent,Beta_1_1_constrained,"N(0,5²)",HalfCauchy_beta2p5,sigma_direct,1.2,1.204962444046588,0.004962444046588077,2.462585091551745e-05,0.004962444046588077,0.7453647586325955,1.6128305192241625,True,1203.0,1.01,0,37.74464464187622
Independent,Beta_1_1_constrained,"N(0,5²)",HalfCauchy_beta2p5,sigma_collateral,0.8,0.8175655505505411,0.017565550550541098,0.0003085485661436147,0.017565550550541098,0.3512207826488487,1.2690941567012373,True,1331.0,1.01,0,37.74464464187622
Independent,Beta_1_1_constrained,"N(0,5²)",HalfCauchy_beta2p5,Z,,0.9475269297451379,,,,0.9410274289960278,0.9499337671451968,,2276.0,1.0,0,37.74464464187622
