Structure,ZPrior,MuPrior,SigmaPrior,Parameter,True,PosteriorMean,Bias,MSE,RMSE,Lower95CrI,Upper95CrI,Coverage,ESS_Bulk,Rhat,Divergences,ElapsedSeconds
Independent,Beta_1_1_constrained,"N(0,2²)",HalfCauchy_beta2p5,mu_omega,0.5,0.3116015274349042,-0.1883984725650958,0.03549398446486115,0.1883984725650958,0.11796982930333508,0.5037846201244538,True,2752.0,1.0,0,37.55477809906006
Independent,Beta_1_1_constrained,"N(0,2²)",HalfCauchy_beta2p5,sigma_omega,1.0,1.2514853936845602,0.25148539368456024,0.06324490323667825,0.25148539368456024,0.6806124304843074,1.6220614436805725,True,1118.0,1.0,0,37.55477809906006
Independent,Beta_1_1_constrained,"N(0,2²)",HalfCauchy_beta2p5,sigma_direct,1.2,1.2013476779254195,0.0013476779254195659,1.816235790663185e-06,0.0013476779254195659,0.7328121576953542,1.621440560811699,True,1194.0,1.0,0,37.55477809906006
Independent,Beta_1_1_constrained,"N(0,2²)",HalfCauchy_beta2p5,sigma_collateral,0.8,0.8117140419902861,0.011714041990286028,0.00013721877975018425,0.011714041990286028,0.2516694855261395,1.2909112193716066,True,867.0,1.0,0,37.55477809906006
Independent,Beta_1_1_constrained,"N(0,2²)",HalfCauchy_beta2p5,Z,,0.9476046575168305,,,,0.9411425989477403,0.9499494889397861,,2096.0,1.0,0,37.55477809906006
