Structure,ZPrior,MuPrior,SigmaPrior,Parameter,True,PosteriorMean,Bias,MSE,RMSE,Lower95CrI,Upper95CrI,Coverage,ESS_Bulk,Rhat,Divergences,ElapsedSeconds
Independent,Beta_2_2_constrained,"N(0,2²)",HalfCauchy_beta5,mu_omega,0.5,0.3142858164931139,-0.18571418350688612,0.03448975795562937,0.18571418350688612,0.11654498830235067,0.5047683190012758,True,2871.0,1.0,0,41.98185634613037
Independent,Beta_2_2_constrained,"N(0,2²)",HalfCauchy_beta5,sigma_omega,1.0,1.247398517151707,0.24739851715170702,0.06120602628886347,0.24739851715170702,0.6805704828121676,1.6189545593727543,True,956.0,1.0,0,41.98185634613037
Independent,Beta_2_2_constrained,"N(0,2²)",HalfCauchy_beta5,sigma_direct,1.2,1.207628236488012,0.00762823648801203,5.818999191703811e-05,0.00762823648801203,0.7447280272387566,1.6205534769378724,True,1007.0,1.0,0,41.98185634613037
Independent,Beta_2_2_constrained,"N(0,2²)",HalfCauchy_beta5,sigma_collateral,0.8,0.8233074952078367,0.023307495207836704,0.0005432393328633309,0.023307495207836704,0.3500534330557472,1.27900757885798,True,1036.0,1.0,0,41.98185634613037
Independent,Beta_2_2_constrained,"N(0,2²)",HalfCauchy_beta5,Z,,0.9451609913081992,,,,0.9365024202690692,0.9493978896812202,,2660.0,1.0,0,41.98185634613037
