Structure,ZPrior,MuPrior,SigmaPrior,Parameter,True,PosteriorMean,Bias,MSE,RMSE,Lower95CrI,Upper95CrI,Coverage,ESS_Bulk,Rhat,Divergences,ElapsedSeconds
Independent,Beta_2_2_constrained,"N(0,5²)",HalfCauchy_beta5,mu_omega,0.5,0.3146273827255466,-0.18537261727445342,0.03436300723518099,0.18537261727445342,0.11682771667231413,0.5115423722041562,True,2657.0,1.0,0,41.722339153289795
Independent,Beta_2_2_constrained,"N(0,5²)",HalfCauchy_beta5,sigma_omega,1.0,1.27263874267437,0.27263874267436994,0.07433188400706131,0.27263874267436994,0.8103888527772465,1.630545040449712,True,1316.0,1.0,0,41.722339153289795
Independent,Beta_2_2_constrained,"N(0,5²)",HalfCauchy_beta5,sigma_direct,1.2,1.1840002348304357,-0.01599976516956425,0.0002559924854812014,0.01599976516956425,0.6992238597101105,1.5849817691192623,True,1251.0,1.0,0,41.722339153289795
Independent,Beta_2_2_constrained,"N(0,5²)",HalfCauchy_beta5,sigma_collateral,0.8,0.8137188082227551,0.013718808222755063,0.00018820569905273195,0.013718808222755063,0.31778680954840804,1.2569518287997288,True,1486.0,1.0,0,41.722339153289795
Independent,Beta_2_2_constrained,"N(0,5²)",HalfCauchy_beta5,Z,,0.9451472939063817,,,,0.9361314527261387,0.9494801826588907,,2254.0,1.0,0,41.722339153289795
