Structure,ZPrior,MuPrior,SigmaPrior,Parameter,True,PosteriorMean,Bias,MSE,RMSE,Lower95CrI,Upper95CrI,Coverage,ESS_Bulk,Rhat,Divergences,ElapsedSeconds
Independent,Beta_2_2_constrained,"N(0,5²)",HalfNormal_sigma2,mu_omega,0.5,0.31586719617405945,-0.18413280382594055,0.03390488944480231,0.18413280382594055,0.11869451055797119,0.5032878213768052,True,2589.0,1.0,0,40.35825729370117
Independent,Beta_2_2_constrained,"N(0,5²)",HalfNormal_sigma2,sigma_omega,1.0,1.2425768859006676,0.24257688590066762,0.058843545573265515,0.24257688590066762,0.6843138082740196,1.6067663343783045,True,1276.0,1.0,0,40.35825729370117
Independent,Beta_2_2_constrained,"N(0,5²)",HalfNormal_sigma2,sigma_direct,1.2,1.210402888460966,0.010402888460966153,0.00010822008833130274,0.010402888460966153,0.7698929195866173,1.6323328824482313,True,1297.0,1.0,0,40.35825729370117
Independent,Beta_2_2_constrained,"N(0,5²)",HalfNormal_sigma2,sigma_collateral,0.8,0.8250311674789571,0.02503116747895706,0.0006265593453595976,0.02503116747895706,0.36287938412518644,1.2954335785304711,True,1744.0,1.0,0,40.35825729370117
Independent,Beta_2_2_constrained,"N(0,5²)",HalfNormal_sigma2,Z,,0.9451534135612838,,,,0.9358656033778101,0.9494634531899917,,2552.0,1.0,0,40.35825729370117
