Structure,ZPrior,MuPrior,SigmaPrior,Parameter,True,PosteriorMean,Bias,MSE,RMSE,Lower95CrI,Upper95CrI,Coverage,ESS_Bulk,Rhat,Divergences,ElapsedSeconds
Independent,Beta_1_1_constrained,"N(0,10²)",HalfCauchy_beta2p5,mu_omega,0.5,0.3160592820139667,-0.1839407179860333,0.033834187733217426,0.1839407179860333,0.12172190018822444,0.5088970523031535,True,2489.0,1.0,0,41.983574867248535
Independent,Beta_1_1_constrained,"N(0,10²)",HalfCauchy_beta2p5,sigma_omega,1.0,1.2558908298616989,0.25589082986169887,0.06548011680730892,0.25589082986169887,0.7251981780306985,1.6158840251052415,True,1294.0,1.0,0,41.983574867248535
Independent,Beta_1_1_constrained,"N(0,10²)",HalfCauchy_beta2p5,sigma_direct,1.2,1.1993002840431135,-0.0006997159568864486,4.896024203215184e-07,0.0006997159568864486,0.7330012521440913,1.6025036052336432,True,1462.0,1.0,0,41.983574867248535
Independent,Beta_1_1_constrained,"N(0,10²)",HalfCauchy_beta2p5,sigma_collateral,0.8,0.8164115757924044,0.016411575792404376,0.0002693398199898333,0.016411575792404376,0.3553351756599922,1.260283956822698,True,1396.0,1.0,0,41.983574867248535
Independent,Beta_1_1_constrained,"N(0,10²)",HalfCauchy_beta2p5,Z,,0.947523625756975,,,,0.9410494967445472,0.9499368749257637,,2372.0,1.0,0,41.983574867248535
