Structure,ZPrior,MuPrior,SigmaPrior,Parameter,True,PosteriorMean,Bias,MSE,RMSE,Lower95CrI,Upper95CrI,Coverage,ESS_Bulk,Rhat,Divergences,ElapsedSeconds
Independent,Beta_2_2_constrained,"N(0,10²)",HalfCauchy_beta1,mu_omega,0.5,0.31444694738536216,-0.18555305261463784,0.034429935334610556,0.18555305261463784,0.1213655721566071,0.5045568738191635,True,2144.0,1.0,0,45.330443143844604
Independent,Beta_2_2_constrained,"N(0,10²)",HalfCauchy_beta1,sigma_omega,1.0,1.207706682608791,0.207706682608791,0.04314206600034904,0.207706682608791,0.5649313461381393,1.591297653055858,True,1238.0,1.0,0,45.330443143844604
Independent,Beta_2_2_constrained,"N(0,10²)",HalfCauchy_beta1,sigma_direct,1.2,1.237816901910509,0.037816901910509015,0.0014301180701090605,0.037816901910509015,0.7983973621369532,1.6641335243098672,True,1219.0,1.0,0,45.330443143844604
Independent,Beta_2_2_constrained,"N(0,10²)",HalfCauchy_beta1,sigma_collateral,0.8,0.8495403805629467,0.04954038056294663,0.00245424930632158,0.04954038056294663,0.3645481889322772,1.3086601948824401,True,1371.0,1.0,0,45.330443143844604
Independent,Beta_2_2_constrained,"N(0,10²)",HalfCauchy_beta1,Z,,0.9451089295767126,,,,0.9361766830974845,0.9494526796022236,,2055.0,1.0,0,45.330443143844604
