Structure,ZPrior,MuPrior,SigmaPrior,Parameter,True,PosteriorMean,Bias,MSE,RMSE,Lower95CrI,Upper95CrI,Coverage,ESS_Bulk,Rhat,Divergences,ElapsedSeconds
Independent,Beta_2_2_constrained,"N(0,5²)",HalfCauchy_beta2p5,mu_omega,0.5,0.31785265588804223,-0.18214734411195777,0.033177654967039956,0.18214734411195777,0.12587342428950946,0.5108848589837385,True,2590.0,1.0,0,41.96958661079407
Independent,Beta_2_2_constrained,"N(0,5²)",HalfCauchy_beta2p5,sigma_omega,1.0,1.2342484419172701,0.23424844191727012,0.05487233254066867,0.23424844191727012,0.52047208317816,1.6161210855129589,True,838.0,1.01,0,41.96958661079407
Independent,Beta_2_2_constrained,"N(0,5²)",HalfCauchy_beta2p5,sigma_direct,1.2,1.2107896202304391,0.010789620230439168,0.00011641590471710215,0.010789620230439168,0.7171826103683676,1.6628471496390498,True,892.0,1.0,0,41.96958661079407
Independent,Beta_2_2_constrained,"N(0,5²)",HalfCauchy_beta2p5,sigma_collateral,0.8,0.8293278324608421,0.02932783246084203,0.0008601217568512194,0.02932783246084203,0.3512680870362563,1.3009439962263254,True,1151.0,1.0,0,41.96958661079407
Independent,Beta_2_2_constrained,"N(0,5²)",HalfCauchy_beta2p5,Z,,0.9451140996298011,,,,0.936517007875428,0.9494014105398135,,1885.0,1.0,0,41.96958661079407
