Structure,ZPrior,MuPrior,SigmaPrior,Parameter,True,PosteriorMean,Bias,MSE,RMSE,Lower95CrI,Upper95CrI,Coverage,ESS_Bulk,Rhat,Divergences,ElapsedSeconds
Independent,Beta_2_2_constrained,"N(0,10²)",HalfCauchy_beta2p5,mu_omega,0.5,0.3213830141414494,-0.17861698585855063,0.031904027637193674,0.17861698585855063,0.1293206326707508,0.5091804617678831,True,2704.0,1.0,0,42.469682931900024
Independent,Beta_2_2_constrained,"N(0,10²)",HalfCauchy_beta2p5,sigma_omega,1.0,1.2418950521809033,0.24189505218090335,0.05851321626960195,0.24189505218090335,0.6765448991712805,1.606518523600548,True,792.0,1.01,0,42.469682931900024
Independent,Beta_2_2_constrained,"N(0,10²)",HalfCauchy_beta2p5,sigma_direct,1.2,1.2060315222887685,0.006031522288768576,3.637926111991212e-05,0.006031522288768576,0.7291779640290451,1.6355911035020843,True,831.0,1.01,0,42.469682931900024
Independent,Beta_2_2_constrained,"N(0,10²)",HalfCauchy_beta2p5,sigma_collateral,0.8,0.8242854240609954,0.02428542406099532,0.0005897818218223704,0.02428542406099532,0.3407550149226723,1.2883386526749385,True,1052.0,1.0,0,42.469682931900024
Independent,Beta_2_2_constrained,"N(0,10²)",HalfCauchy_beta2p5,Z,,0.9451905656637445,,,,0.9363634494729689,0.9494845784365327,,1868.0,1.0,0,42.469682931900024
