Structure,ZPrior,MuPrior,SigmaPrior,Parameter,True,PosteriorMean,Bias,MSE,RMSE,Lower95CrI,Upper95CrI,Coverage,ESS_Bulk,Rhat,Divergences,ElapsedSeconds
Independent,Beta_1_1_constrained,"N(0,10²)",HalfNormal_sigma2,mu_omega,0.5,0.3148422031173021,-0.1851577968826979,0.03428340974645441,0.1851577968826979,0.11449420241216439,0.5113910676270685,True,2434.0,1.0,0,42.18954396247864
Independent,Beta_1_1_constrained,"N(0,10²)",HalfNormal_sigma2,sigma_omega,1.0,1.25045686837017,0.25045686837017,0.06272864291379267,0.25045686837017,0.7116758213239327,1.6338936010916196,True,1216.0,1.01,0,42.18954396247864
Independent,Beta_1_1_constrained,"N(0,10²)",HalfNormal_sigma2,sigma_direct,1.2,1.2015346482608915,0.001534648260891558,2.355145284657483e-06,0.001534648260891558,0.710061091114372,1.6207242856226542,True,1343.0,1.0,0,42.18954396247864
Independent,Beta_1_1_constrained,"N(0,10²)",HalfNormal_sigma2,sigma_collateral,0.8,0.8305361043834052,0.03053610438340515,0.0009324536709142152,0.03053610438340515,0.34960136248157564,1.2867590580395125,True,1467.0,1.0,0,42.18954396247864
Independent,Beta_1_1_constrained,"N(0,10²)",HalfNormal_sigma2,Z,,0.9476078872387538,,,,0.9411376831721007,0.9499439961690974,,1722.0,1.0,0,42.18954396247864
