Structure,ZPrior,MuPrior,SigmaPrior,Parameter,True,PosteriorMean,Bias,MSE,RMSE,Lower95CrI,Upper95CrI,Coverage,ESS_Bulk,Rhat,Divergences,ElapsedSeconds
Independent,Beta_1_1_constrained,"N(0,5²)",HalfNormal_sigma2,mu_omega,0.5,0.31452985639488645,-0.18547014360511355,0.03439917416890144,0.18547014360511355,0.11612605432019603,0.5056496989389221,True,2381.0,1.0,0,38.673030376434326
Independent,Beta_1_1_constrained,"N(0,5²)",HalfNormal_sigma2,sigma_omega,1.0,1.2493589485358183,0.2493589485358183,0.06217988521488888,0.2493589485358183,0.7317771130995417,1.6275290921743606,True,1392.0,1.0,0,38.673030376434326
Independent,Beta_1_1_constrained,"N(0,5²)",HalfNormal_sigma2,sigma_direct,1.2,1.2048335222781383,0.00483352227813838,2.3362937613260037e-05,0.00483352227813838,0.7284852470708608,1.6103202210755914,True,1468.0,1.0,0,38.673030376434326
Independent,Beta_1_1_constrained,"N(0,5²)",HalfNormal_sigma2,sigma_collateral,0.8,0.8217834411561453,0.021783441156145278,0.0004745183086032439,0.021783441156145278,0.360619153171102,1.2914010464141974,True,1484.0,1.0,0,38.673030376434326
Independent,Beta_1_1_constrained,"N(0,5²)",HalfNormal_sigma2,Z,,0.9475784689464312,,,,0.9411259363291755,0.9499461447122468,,2197.0,1.0,0,38.673030376434326
