Structure,ZPrior,MuPrior,SigmaPrior,Parameter,True,PosteriorMean,Bias,MSE,RMSE,Lower95CrI,Upper95CrI,Coverage,ESS_Bulk,Rhat,Divergences,ElapsedSeconds
Independent,Beta_2_2_constrained,"N(0,2²)",HalfCauchy_beta1,mu_omega,0.5,0.3150429246391998,-0.1849570753608002,0.03420911972602072,0.1849570753608002,0.11822469123524493,0.5090456091308454,True,2624.0,1.0,0,44.95133113861084
Independent,Beta_2_2_constrained,"N(0,2²)",HalfCauchy_beta1,sigma_omega,1.0,1.2079441685472503,0.20794416854725029,0.04324077723280723,0.20794416854725029,0.5320557223015068,1.6051057258056276,True,1189.0,1.0,0,44.95133113861084
Independent,Beta_2_2_constrained,"N(0,2²)",HalfCauchy_beta1,sigma_direct,1.2,1.2332578044627898,0.03325780446278981,0.0011060815576851618,0.03325780446278981,0.7465187361633275,1.6720858914217185,True,1194.0,1.01,0,44.95133113861084
Independent,Beta_2_2_constrained,"N(0,2²)",HalfCauchy_beta1,sigma_collateral,0.8,0.8441723330694934,0.04417233306949331,0.001951195008802252,0.04417233306949331,0.36134451058443456,1.2966248115804788,True,1397.0,1.0,0,44.95133113861084
Independent,Beta_2_2_constrained,"N(0,2²)",HalfCauchy_beta1,Z,,0.9450027052824489,,,,0.9360327820663565,0.9494177051111058,,2207.0,1.0,0,44.95133113861084
