Structure,ZPrior,MuPrior,SigmaPrior,Parameter,True,PosteriorMean,Bias,MSE,RMSE,Lower95CrI,Upper95CrI,Coverage,ESS_Bulk,Rhat,Divergences,ElapsedSeconds
Independent,Beta_1_1_constrained,"N(0,5²)",HalfCauchy_beta1,mu_omega,0.5,0.31281048933093014,-0.18718951066906986,0.03503991290452582,0.18718951066906986,0.12335359362942327,0.5103125695574476,True,2258.0,1.0,0,42.09103465080261
Independent,Beta_1_1_constrained,"N(0,5²)",HalfCauchy_beta1,sigma_omega,1.0,1.2121212133071835,0.21212121330718348,0.04499540913491163,0.21212121330718348,0.5547014498508178,1.6073780184365751,True,1143.0,1.0,0,42.09103465080261
Independent,Beta_1_1_constrained,"N(0,5²)",HalfCauchy_beta1,sigma_direct,1.2,1.2307224433684723,0.030722443368472296,0.0009438685265289873,0.030722443368472296,0.760509303991679,1.6697256513531071,True,1195.0,1.0,0,42.09103465080261
Independent,Beta_1_1_constrained,"N(0,5²)",HalfCauchy_beta1,sigma_collateral,0.8,0.8340013778535499,0.03400137785354984,0.0011560936959398695,0.03400137785354984,0.3213459406348263,1.3105201107978321,True,1289.0,1.0,0,42.09103465080261
Independent,Beta_1_1_constrained,"N(0,5²)",HalfCauchy_beta1,Z,,0.9475354357247093,,,,0.9408975513379115,0.949924220660517,,2205.0,1.0,0,42.09103465080261
