Structure,ZPrior,MuPrior,SigmaPrior,Parameter,True,PosteriorMean,Bias,MSE,RMSE,Lower95CrI,Upper95CrI,Coverage,ESS_Bulk,Rhat,Divergences,ElapsedSeconds
Independent,Beta_1_1_constrained,"N(0,2²)",HalfCauchy_beta1,mu_omega,0.5,0.3166530610064965,-0.18334693899350352,0.0336161000382875,0.18334693899350352,0.11987239171854841,0.5117799370250465,True,2499.0,1.0,0,39.14245104789734
Independent,Beta_1_1_constrained,"N(0,2²)",HalfCauchy_beta1,sigma_omega,1.0,1.2235360952367214,0.22353609523672135,0.04996838587368056,0.22353609523672135,0.6327738945808142,1.6152450448868503,True,1275.0,1.0,0,39.14245104789734
Independent,Beta_1_1_constrained,"N(0,2²)",HalfCauchy_beta1,sigma_direct,1.2,1.2216558724755937,0.02165587247559375,0.000468976812679179,0.02165587247559375,0.7378896975175399,1.6506163931016968,True,1300.0,1.0,0,39.14245104789734
Independent,Beta_1_1_constrained,"N(0,2²)",HalfCauchy_beta1,sigma_collateral,0.8,0.836011865792037,0.03601186579203697,0.0012968544778236824,0.03601186579203697,0.3734935409246991,1.2998094531076458,True,1608.0,1.0,0,39.14245104789734
Independent,Beta_1_1_constrained,"N(0,2²)",HalfCauchy_beta1,Z,,0.947528937013058,,,,0.9412466493548081,0.9499500081497614,,1997.0,1.0,0,39.14245104789734
