Structure,ZPrior,MuPrior,SigmaPrior,Parameter,True,PosteriorMean,Bias,MSE,RMSE,Lower95CrI,Upper95CrI,Coverage,ESS_Bulk,Rhat,Divergences,ElapsedSeconds
Independent,Beta_1_1_constrained,"N(0,10²)",HalfCauchy_beta5,mu_omega,0.5,0.315378898457482,-0.18462110154251798,0.03408495113477274,0.18462110154251798,0.11831080910778508,0.5103092559801321,True,2659.0,1.0,0,39.88307023048401
Independent,Beta_1_1_constrained,"N(0,10²)",HalfCauchy_beta5,sigma_omega,1.0,1.253422950609314,0.25342295060931397,0.06422319189553079,0.25342295060931397,0.7031438374827488,1.6304143538472906,True,1323.0,1.0,0,39.88307023048401
Independent,Beta_1_1_constrained,"N(0,10²)",HalfCauchy_beta5,sigma_direct,1.2,1.2002170427265964,0.00021704272659639479,4.7107545168397374e-08,0.00021704272659639479,0.7531684527152017,1.6100891747474082,True,1387.0,1.0,0,39.88307023048401
Independent,Beta_1_1_constrained,"N(0,10²)",HalfCauchy_beta5,sigma_collateral,0.8,0.8234941735590101,0.023494173559010068,0.0005519761912208878,0.023494173559010068,0.34221980244027433,1.2704847618259625,True,1584.0,1.0,0,39.88307023048401
Independent,Beta_1_1_constrained,"N(0,10²)",HalfCauchy_beta5,Z,,0.9474733812951481,,,,0.940515457765899,0.9499386901625466,,2171.0,1.0,0,39.88307023048401
