Structure,ZPrior,MuPrior,SigmaPrior,Parameter,True,PosteriorMean,Bias,MSE,RMSE,Lower95CrI,Upper95CrI,Coverage,ESS_Bulk,Rhat,Divergences,ElapsedSeconds
Independent,Beta_1_1_constrained,"N(0,5²)",HalfCauchy_beta5,mu_omega,0.5,0.3153078416224607,-0.18469215837753927,0.03411119336615405,0.18469215837753927,0.11426471149881408,0.5118092672017109,True,2460.0,1.0,0,36.34021878242493
Independent,Beta_1_1_constrained,"N(0,5²)",HalfCauchy_beta5,sigma_omega,1.0,1.2499527193275035,0.24995271932750351,0.062476361899213746,0.24995271932750351,0.7053920387690855,1.628322749475673,True,1370.0,1.0,0,36.34021878242493
Independent,Beta_1_1_constrained,"N(0,5²)",HalfCauchy_beta5,sigma_direct,1.2,1.20222840689857,0.002228406898570068,4.965797305594669e-06,0.002228406898570068,0.7196285253337513,1.6230829513103024,True,1366.0,1.0,0,36.34021878242493
Independent,Beta_1_1_constrained,"N(0,5²)",HalfCauchy_beta5,sigma_collateral,0.8,0.8228636508591347,0.022863650859134665,0.0005227465306084094,0.022863650859134665,0.3430505255458669,1.2730361580162706,True,1626.0,1.01,0,36.34021878242493
Independent,Beta_1_1_constrained,"N(0,5²)",HalfCauchy_beta5,Z,,0.9475243968949432,,,,0.9408443110955437,0.9499600306806483,,2015.0,1.0,0,36.34021878242493
