Structure,ZPrior,MuPrior,SigmaPrior,Parameter,True,PosteriorMean,Bias,MSE,RMSE,Lower95CrI,Upper95CrI,Coverage,ESS_Bulk,Rhat,Divergences,ElapsedSeconds
Independent,Beta_1_1_constrained,"N(0,2²)",HalfCauchy_beta5,mu_omega,0.5,0.31403553235690074,-0.18596446764309926,0.03458278322578131,0.18596446764309926,0.11948804844563993,0.5042572287134818,True,2539.0,1.0,0,38.76714754104614
Independent,Beta_1_1_constrained,"N(0,2²)",HalfCauchy_beta5,sigma_omega,1.0,1.2635377500904044,0.26353775009040437,0.06945214572271242,0.26353775009040437,0.6979664189160167,1.6352781811203965,True,1181.0,1.0,0,38.76714754104614
Independent,Beta_1_1_constrained,"N(0,2²)",HalfCauchy_beta5,sigma_direct,1.2,1.1868817343724527,-0.013118265627547254,0.00017208889307488776,0.013118265627547254,0.6900831601928399,1.6152902898487715,True,1281.0,1.0,0,38.76714754104614
Independent,Beta_1_1_constrained,"N(0,2²)",HalfCauchy_beta5,sigma_collateral,0.8,0.8079748549223711,0.007974854922371044,6.359831103286567e-05,0.007974854922371044,0.3104898635494279,1.2671054040744532,True,1113.0,1.0,0,38.76714754104614
Independent,Beta_1_1_constrained,"N(0,2²)",HalfCauchy_beta5,Z,,0.9475610872589665,,,,0.9413789993400044,0.9499434420300595,,1873.0,1.0,0,38.76714754104614
