Structure,ZPrior,MuPrior,SigmaPrior,Parameter,True,PosteriorMean,Bias,MSE,RMSE,Lower95CrI,Upper95CrI,Coverage,ESS_Bulk,Rhat,Divergences,ElapsedSeconds
Independent,Beta_2_2_constrained,"N(0,2²)",HalfNormal_sigma2,mu_omega,0.5,0.31361584578300983,-0.18638415421699017,0.034739052943182774,0.18638415421699017,0.12705008682126612,0.5133305596266787,True,3015.0,1.0,0,39.49496245384216
Independent,Beta_2_2_constrained,"N(0,2²)",HalfNormal_sigma2,sigma_omega,1.0,1.2472031970533293,0.24720319705332927,0.06110942063338714,0.24720319705332927,0.7346575867657702,1.6218126798646288,True,1070.0,1.0,0,39.49496245384216
Independent,Beta_2_2_constrained,"N(0,2²)",HalfNormal_sigma2,sigma_direct,1.2,1.2062565856320784,0.006256585632078426,3.91448637715302e-05,0.006256585632078426,0.7428099147082395,1.6257619655231048,True,1014.0,1.0,0,39.49496245384216
Independent,Beta_2_2_constrained,"N(0,2²)",HalfNormal_sigma2,sigma_collateral,0.8,0.8265485902117893,0.026548590211789236,0.0007048276422335113,0.026548590211789236,0.3313880848558848,1.2832835056427845,True,1124.0,1.0,0,39.49496245384216
Independent,Beta_2_2_constrained,"N(0,2²)",HalfNormal_sigma2,Z,,0.9449957934143612,,,,0.9361055398189703,0.9493578048780542,,2635.0,1.0,0,39.49496245384216
