Structure,ZPrior,MuPrior,SigmaPrior,Parameter,True,PosteriorMean,Bias,MSE,RMSE,Lower95CrI,Upper95CrI,Coverage,ESS_Bulk,Rhat,Divergences,ElapsedSeconds
Independent,Beta_2_2_constrained,"N(0,5²)",HalfCauchy_beta1,mu_omega,0.5,0.3151592458463908,-0.18484075415360918,0.03416610439607499,0.18484075415360918,0.11904849730091696,0.5037674769003219,True,1806.0,1.0,0,46.187825202941895
Independent,Beta_2_2_constrained,"N(0,5²)",HalfCauchy_beta1,sigma_omega,1.0,1.2104184781987064,0.2104184781987064,0.04427593596745948,0.2104184781987064,0.5681391800717559,1.594605217336378,True,1121.0,1.0,0,46.187825202941895
Independent,Beta_2_2_constrained,"N(0,5²)",HalfCauchy_beta1,sigma_direct,1.2,1.2335359572540174,0.03353595725401748,0.0011246604289432876,0.03353595725401748,0.7649397827653164,1.664854315949845,True,1067.0,1.0,0,46.187825202941895
Independent,Beta_2_2_constrained,"N(0,5²)",HalfCauchy_beta1,sigma_collateral,0.8,0.850624993049531,0.05062499304953094,0.002562889921265056,0.05062499304953094,0.3664247953727598,1.3084754171982154,True,1384.0,1.0,0,46.187825202941895
Independent,Beta_2_2_constrained,"N(0,5²)",HalfCauchy_beta1,Z,,0.9451266483144914,,,,0.9361713524746113,0.9495179882459536,,1846.0,1.0,0,46.187825202941895
