Structure,ZPrior,MuPrior,SigmaPrior,Parameter,True,PosteriorMean,Bias,MSE,RMSE,Lower95CrI,Upper95CrI,Coverage,ESS_Bulk,Rhat,Divergences,ElapsedSeconds
Independent,Beta_2_2_constrained,"N(0,2²)",HalfCauchy_beta2p5,mu_omega,0.5,0.31444510814684007,-0.18555489185315993,0.03443061789063788,0.18555489185315993,0.12494579435322582,0.5095999662779983,True,2396.0,1.0,0,43.20681285858154
Independent,Beta_2_2_constrained,"N(0,2²)",HalfCauchy_beta2p5,sigma_omega,1.0,1.2359101970326847,0.23591019703268468,0.055653621064000104,0.23591019703268468,0.6269576215290562,1.6074602456745524,True,990.0,1.0,0,43.20681285858154
Independent,Beta_2_2_constrained,"N(0,2²)",HalfCauchy_beta2p5,sigma_direct,1.2,1.2125120003826801,0.012512000382680188,0.00015655015357618918,0.012512000382680188,0.7717787155305369,1.6460531194521726,True,1086.0,1.0,0,43.20681285858154
Independent,Beta_2_2_constrained,"N(0,2²)",HalfCauchy_beta2p5,sigma_collateral,0.8,0.8260594367669828,0.026059436766982746,0.0006790942446123722,0.026059436766982746,0.35653774324453297,1.312696064451546,True,1223.0,1.0,0,43.20681285858154
Independent,Beta_2_2_constrained,"N(0,2²)",HalfCauchy_beta2p5,Z,,0.9451863978261169,,,,0.9364949092506548,0.9494845921730103,,2267.0,1.0,0,43.20681285858154
