Parameter,Structure,Z,MuPrior,SigmaPrior,True,PosteriorMean,Bias,MSE,RMSE,Lower95CrI,Upper95CrI,Coverage,ESS_Bulk,Rhat,Divergences,ElapsedSeconds
mu_omega,AR1,0.5,"N(0,5²)",HalfCauchy_beta1,0.5,0.4791795410827725,-0.020820458917227502,0.0004334915095239582,0.020820458917227502,0.28433385835061503,0.6717963182493748,True,2869.0,1.0,0,41.46016001701355
rho,AR1,0.5,"N(0,10²)",HalfNormal_sigma2,0.85,0.8722310778776454,0.022231077877645444,0.0004942208236019366,0.022231077877645444,0.720228442415603,0.9769712261331093,True,1783.0,1.0,0,42.176509141922
sigma_collateral,AR1,0.9,"N(0,5²)",HalfCauchy_beta1,0.8,0.7514562253857546,-0.048543774614245416,0.0023564980537986576,0.048543774614245416,0.4295615053696453,1.0861067990913145,True,2215.0,1.0,0,31.637176513671875
sigma_direct,AR1,0.5,"N(0,5²)",HalfCauchy_beta1,1.2,1.2010147620161848,0.0010147620161848891,1.0297419494916212e-06,0.0010147620161848891,0.9493319364044733,1.4500199283459383,True,2344.0,1.0,0,41.46016001701355
sigma_omega,AR1,0.5,"N(0,2²)",HalfCauchy_beta1,1.0,1.0294020181733246,0.02940201817332455,0.0008644786726645072,0.02940201817332455,0.8457399252946992,1.2310331952646336,True,1352.0,1.0,0,46.22040104866028
