Parameter,MeanPosterior,MeanRMSE,MinRMSE,MaxRMSE,CoverageRate,MinESS,MaxRhat,MaxDivergences
sigma_collateral,0.8176548007408215,0.01904901903045801,0.0003102102901948456,0.04938766904714542,1.0,15.0,1.18,91
sigma_direct,1.2220502317410413,0.022782176552266806,0.0020523796856664056,0.05978322023529303,1.0,17.0,1.15,91
mu_omega,0.3640427985797223,0.13595720142027767,0.10135861807209079,0.1751196763464284,1.0,655.0,1.01,91
sigma_omega,1.237272309053738,0.23727230905373803,0.18740307894739328,0.2655137695359484,1.0,15.0,1.17,91
